CrashFactId,MinorInjuries,ModerateInjuries,SevereInjuries,FatalInjuries,CrashDateTime,RoadwaySurface,RoadwayCondition,Lighting,PrimaryCollisionFactor,Weather,CollisionType,VehicleInvolvedWith
678320,0,0,0,0,7/20/2021 6:28,Dry,No Unusual Conditions,Daylight,Violation Driver 1,Clear,Hit Object,Fixed Object
678321,0,0,0,0,7/20/2021 8:12,Dry,No Unusual Conditions,Daylight,Violation Driver 1,Clear,Hit Object,Fixed Object
678322,0,0,0,0,7/20/2021 13:40,Dry,No Unusual Conditions,Daylight,Violation Driver 1,Clear,Broadside,Other Vehicle
678323,0,0,0,0,7/20/2021 21:50,Dry,No Unusual Conditions,Dark - Street Light,Violation Driver 1,Clear,Sideswipe,Other Vehicle
678324,1,0,0,0,7/8/2021 12:11,Dry,No Unusual Conditions,Daylight,Violation Driver 1,Clear,Rear End,Other Vehicle
678325,2,0,0,0,7/10/2021 11:45,Dry,No Unusual Conditions,Daylight,Violation Driver 1,Clear,Rear End,Other Vehicle
678326,0,0,0,0,7/5/2021 22:59,Dry,No Unusual Conditions,Unknown,Violation Driver 1,Unknown,Sideswipe,Parked Vehicle
678327,0,0,0,0,7/6/2021 1:02,Dry,No Unusual Conditions,Dark - Street Light,Violation Driver 1,Clear,Broadside,Other Vehicle
678328,0,0,0,0,7/6/2021 11:20,Dry,No Unusual Conditions,Daylight,Violation Driver 1,Clear,Broadside,Other Vehicle
678329,0,0,0,0,7/6/2021 19:45,Dry,No Unusual Conditions,Dark - Street Light,Violation Driver 1,Clear,Broadside,Other Vehicle
678330,0,0,0,0,7/7/2021 14:40,Dry,No Unusual Conditions,Daylight,Violation Driver 1,Clear,Broadside,Other Vehicle
678331,1,0,0,0,7/7/2021 18:38,Dry,No Unusual Conditions,Daylight,Violation Driver 1,Clear,Broadside,Other Vehicle
678332,0,0,0,0,7/8/2021 8:56,Dry,No Unusual Conditions,Daylight,Violation Driver 1,Clear,Broadside,Other Vehicle
678333,0,0,0,0,7/8/2021 23:07,Dry,No Unusual Conditions,Dark - Street Light,Violation Driver 1,Clear,Hit Object,Other Object
650853,2,0,0,0,1/30/2021 14:26,Dry,No Unusual Conditions,Daylight,Violation Driver 1,Clear,Broadside,Other Vehicle
650854,1,0,0,0,1/31/2021 10:27,Dry,No Unusual Conditions,Daylight,Violation Driver 1,Cloudy,Rear End,Parked Vehicle
650855,2,0,0,0,1/31/2021 12:30,Dry,No Unusual Conditions,Daylight,Violation Driver 1,Clear,Rear End,Other Vehicle
650856,0,0,0,0,1/31/2021 18:00,Dry,No Unusual Conditions,Dark - Street Light,Violation Driver 1,Clear,Head On,Other Vehicle
650857,0,0,1,0,2/1/2021 13:30,Dry,No Unusual Conditions,Dark - Street Light,Bike At Fault,Clear,Vehicle/Bike,Bike
650858,0,0,0,0,2/2/2021 14:30,Dry,No Unusual Conditions,Daylight,Violation Driver 1,Clear,Sideswipe,Other Vehicle
650880,0,1,0,0,1/24/2021 14:30,Wet,No Unusual Conditions,Daylight,Violation Driver 1,Rain,Hit Object,Fixed Object
650881,1,0,0,0,1/24/2021 18:07,Wet,No Unusual Conditions,Dark - Street Light,Violation Driver 1,Rain,Sideswipe,Other Vehicle
650882,0,0,0,0,1/23/2021 23:00,Unknown,Unknown,Unknown,Unknown,Unknown,Other,Parked Vehicle
650883,2,0,0,0,1/25/2021 12:39,Dry,No Unusual Conditions,Daylight,Violation Driver 1,Clear,Broadside,Other Vehicle
650884,0,0,0,0,1/25/2021 22:40,Dry,No Unusual Conditions,Dark - Street Light,Violation Driver 1,Wind,Broadside,Parked Vehicle
650885,0,0,0,0,1/25/2021 8:40,Unknown,Unknown,Daylight,Unknown,Unknown,Sideswipe,Parked Vehicle
650886,1,1,0,0,1/26/2021 8:32,Dry,No Unusual Conditions,Daylight,Violation Driver 1,Clear,Broadside,Other Vehicle
650887,0,0,0,0,1/26/2021 11:45,Dry,No Unusual Conditions,Daylight,Unknown,Clear,Sideswipe,Other Vehicle
678334,0,0,0,0,7/21/2021 14:25,Dry,No Unusual Conditions,Daylight,Unknown,Clear,Sideswipe,Other Vehicle
678335,0,1,0,0,7/21/2021 18:16,Dry,No Unusual Conditions,Daylight,Violation Driver 1,Clear,Rear End,Other Vehicle
678336,0,0,0,0,7/21/2021 21:10,Dry,No Unusual Conditions,Dark - Street Light,Violation Driver 1,Clear,Rear End,Other Vehicle
678337,0,0,0,0,7/22/2021 12:22,Dry,No Unusual Conditions,Daylight,Violation Driver 1,Clear,Other,Other Vehicle
678338,0,0,0,0,7/22/2021 15:37,Dry,No Unusual Conditions,Daylight,Violation Driver 1,Clear,Rear End,Motorcycle
678339,0,0,1,0,7/22/2021 19:06,Dry,No Unusual Conditions,Daylight,Violation Driver 1,Clear,Vehicle/Bike,Bike
678341,0,2,0,0,6/27/2021 17:13,Dry,No Unusual Conditions,Daylight,Violation Driver 1,Clear,Broadside,Motorcycle
678342,1,0,0,0,6/27/2021 22:00,Dry,No Unusual Conditions,Dark - Street Light,Violation Driver 1,Clear,Sideswipe,Other Vehicle
678343,0,1,0,0,6/28/2021 1:50,Dry,No Unusual Conditions,Dark - Street Light,Violation Driver 1,Clear,Hit Object,Fixed Object
678344,0,1,0,0,6/29/2021 13:00,Dry,No Unusual Conditions,Daylight,Violation Driver 1,Clear,Vehicle/Bike,Bike
678345,1,0,0,0,7/1/2021 13:30,Dry,No Unusual Conditions,Daylight,Unknown,Clear,Rear End,Other Vehicle
678346,1,0,0,0,7/2/2021 10:35,Dry,No Unusual Conditions,Daylight,Violation Driver 1,Clear,Broadside,Motor Vehicle On Other Roadway
678347,0,1,0,0,7/2/2021 19:30,Dry,No Unusual Conditions,Daylight,Violation Driver 1,Clear,Vehicle/Bike,Bike
678348,2,0,0,0,7/2/2021 13:45,Dry,No Unusual Conditions,Daylight,Violation Driver 1,Clear,Rear End,Other Vehicle
650888,2,0,0,0,1/26/2021 23:29,Wet,No Unusual Conditions,Dark - No Street Light,Unknown,Rain,Head On,Other Vehicle
650889,0,0,0,0,1/27/2021 4:30,Wet,No Unusual Conditions,Dark - Street Light,Violation Driver 1,Wind,Rear End,Parked Vehicle
650890,0,0,0,0,1/27/2021 14:12,Wet,No Unusual Conditions,Daylight,Violation Driver 1,Rain,Rear End,Parked Vehicle
650891,1,0,0,0,1/27/2021 17:30,Wet,No Unusual Conditions,Dark - Street Light,Violation Driver 1,Rain,Broadside,Motor Vehicle On Other Roadway
650892,0,0,0,0,1/28/2021 13:37,Wet,No Unusual Conditions,Daylight,Violation Driver 1,Rain,Hit Object,Fixed Object
650893,0,0,0,0,1/29/2021 14:24,Dry,No Unusual Conditions,Daylight,Unknown,Clear,Rear End,Other Vehicle
650910,1,0,0,0,1/29/2021 20:10,Dry,No Unusual Conditions,Dark - Street Light,Bike At Fault,Clear,Vehicle/Bike,Bike
650911,0,0,0,0,1/30/2021 1:43,Dry,No Unusual Conditions,Dark - Street Light,Violation Driver 1,Clear,Sideswipe,Other Vehicle
650912,0,0,0,0,1/30/2021 5:10,Dry,No Unusual Conditions,Dark - Street Light,Violation Driver 1,Clear,Sideswipe,Parked Vehicle
650913,0,0,0,0,1/30/2021 15:55,Dry,Unknown,Daylight,Violation Driver 1,Clear,Sideswipe,Parked Vehicle
650914,1,0,0,0,1/30/2021 23:44,Dry,No Unusual Conditions,Dark - Street Light,Violation Driver 1,Clear,Rear End,Other Vehicle
650922,0,0,0,0,1/31/2021 18:26,Dry,No Unusual Conditions,Dark - Street Light,Violation Driver 1,Clear,Sideswipe,Motor Vehicle On Other Roadway
650924,0,0,0,0,2/1/2021 13:41,Dry,No Unusual Conditions,Daylight,Violation Driver 1,Clear,Hit Object,Fixed Object
678349,1,0,0,0,7/3/2021 10:45,Dry,No Unusual Conditions,Daylight,Unknown,Clear,Rear End,Other Vehicle
678350,0,0,0,0,7/3/2021 21:50,Dry,No Unusual Conditions,Dark - Street Light,Violation Driver 1,Clear,Broadside,Other Vehicle
678351,1,0,0,0,7/3/2021 15:11,Dry,No Unusual Conditions,Daylight,Violation Driver 1,Clear,Head On,Other Vehicle
678352,1,0,0,0,7/3/2021 21:58,Dry,No Unusual Conditions,Dark - Street Light,Violation Driver 1,Clear,Broadside,Other Vehicle
678353,0,0,0,0,7/4/2021 20:05,Unknown,Unknown,Unknown,Unknown,Unknown,Sideswipe,Other Vehicle
678354,1,0,0,0,7/4/2021 22:03,Dry,No Unusual Conditions,Dark - Street Light,Violation Driver 1,Clear,Rear End,Other Vehicle
678355,0,0,0,0,7/4/2021 18:57,Dry,No Unusual Conditions,Daylight,Violation Driver 1,Clear,Broadside,Parked Vehicle
678356,0,0,0,0,7/5/2021 21:55,Unknown,Unknown,Unknown,Unknown,Unknown,Broadside,Other Vehicle
678357,0,0,0,0,7/6/2021 0:12,Dry,No Unusual Conditions,Dark - Street Light,Violation Driver 1,Clear,Head On,Parked Vehicle
678358,0,0,1,0,7/6/2021 22:05,Dry,No Unusual Conditions,Dark - Street Light,Violation Driver 1,Clear,Vehicle/Pedestrian,Pedestrian
678359,0,0,0,0,7/6/2021 15:02,Dry,No Unusual Conditions,Daylight,Violation Driver 1,Clear,Rear End,Other Vehicle
678360,0,0,0,0,7/6/2021 15:46,Dry,No Unusual Conditions,Daylight,Violation Driver 1,Clear,Rear End,Other Vehicle
678361,0,0,0,0,7/8/2021 17:09,Dry,No Unusual Conditions,Daylight,Violation Driver 1,Clear,Sideswipe,Other Vehicle
678362,1,0,0,0,7/8/2021 23:10,Dry,No Unusual Conditions,Dark - Street Light,Violation Driver 1,Clear,Broadside,Motorcycle
650925,0,0,0,0,2/2/2021 12:37,Wet,No Unusual Conditions,Daylight,Violation Driver 1,Clear,Rear End,Other Vehicle
650965,0,0,0,0,1/29/2021 6:30,Wet,No Unusual Conditions,Dark - Street Light,Unknown,Rain,Broadside,Other Vehicle
650966,0,0,0,1,2/7/2021 2:04,Dry,No Unusual Conditions,Dark - Street Light,Violation Driver 1,Clear,Hit Object,Fixed Object
650967,1,2,0,0,1/28/2021 21:00,Wet,No Unusual Conditions,Dark - Street Light,Violation Driver 1,Rain,Broadside,Other Vehicle
650968,1,0,1,0,1/29/2021 1:47,Wet,Construction - Repair Zone,Dark - Street Light Not Functioning,Other Improper Driving,Cloudy,Broadside,Motor Vehicle On Other Roadway
650969,0,1,0,0,1/29/2021 8:13,Wet,No Unusual Conditions,Dusk - Dawn,Violation Driver 1,Clear,Vehicle/Pedestrian,Pedestrian
650970,1,0,0,0,1/29/2021 20:30,Dry,No Unusual Conditions,Dark - Street Light,Violation Driver 1,Clear,Hit Object,Fixed Object
650971,0,0,0,0,1/29/2021 23:47,Dry,No Unusual Conditions,Dark - Street Light,Violation Driver 1,Clear,Hit Object,Fixed Object
650972,0,0,0,0,1/30/2021 4:34,Dry,No Unusual Conditions,Dark - Street Light,Violation Driver 1,Clear,Sideswipe,Parked Vehicle
650973,0,1,0,0,1/30/2021 11:24,Dry,No Unusual Conditions,Daylight,Violation Driver 1,Clear,Hit Object,Fixed Object
650974,1,0,0,0,1/30/2021 17:55,Dry,No Unusual Conditions,Dark - Street Light,Violation Driver 1,Clear,Head On,Other Vehicle
650975,1,0,0,0,1/31/2021 18:58,Dry,No Unusual Conditions,Dark - Street Light,Violation Driver 1,Clear,Hit Object,Fixed Object
650976,1,0,0,0,2/1/2021 23:30,Dry,No Unusual Conditions,Dark - Street Light,Violation Driver 1,Clear,Hit Object,Fixed Object
678363,0,0,0,0,7/9/2021 12:30,Dry,No Unusual Conditions,Daylight,Violation Driver 1,Clear,Broadside,Other Vehicle
678364,0,0,0,0,7/9/2021 18:00,Dry,No Unusual Conditions,Daylight,Violation Driver 1,Clear,Rear End,Parked Vehicle
678365,0,0,0,0,7/9/2021 18:28,Unknown,Unknown,Dusk - Dawn,Unknown,Unknown,Rear End,Parked Vehicle
678366,0,0,0,0,7/9/2021 12:35,Unknown,Unknown,Daylight,Unknown,Unknown,Other,Parked Vehicle
678367,0,0,0,0,7/10/2021 15:05,Unknown,Unknown,Daylight,Unknown,Unknown,Sideswipe,Other Vehicle
678368,1,0,0,0,7/10/2021 20:48,Dry,No Unusual Conditions,Dark - Street Light,Violation Driver 1,Clear,Rear End,Other Vehicle
678369,0,1,1,0,7/11/2021 23:55,Dry,No Unusual Conditions,Dark - Street Light,Violation Driver 1,Clear,Broadside,Other Vehicle
678370,0,0,0,0,7/11/2021 22:30,Unknown,Unknown,Unknown,Unknown,Unknown,Other,Parked Vehicle
678371,1,0,0,0,7/11/2021 20:07,Dry,No Unusual Conditions,Daylight,Violation Driver 1,Clear,Sideswipe,Motor Vehicle On Other Roadway
678372,0,0,1,0,7/11/2021 17:44,Dry,No Unusual Conditions,Daylight,Unknown,Clear,Broadside,Motorcycle
678373,0,0,0,0,7/12/2021 0:50,Dry,No Unusual Conditions,Dark - Street Light,Violation Driver 1,Clear,Sideswipe,Parked Vehicle
678374,0,0,0,0,7/12/2021 22:19,Dry,No Unusual Conditions,Dark - Street Light,Violation Driver 1,Clear,Sideswipe,Parked Vehicle
678375,0,0,0,0,7/13/2021 19:36,Dry,No Unusual Conditions,Dark - Street Light,Violation Driver 1,Clear,Hit Object,Fixed Object
678376,0,0,0,0,7/13/2021 21:22,Dry,No Unusual Conditions,Dark - Street Light,Violation Driver 1,Clear,Rear End,Other Vehicle
651126,0,0,0,0,2/3/2021 19:11,Dry,No Unusual Conditions,Dark - Street Light,Violation Driver 1,Clear,Hit Object,Fixed Object
651148,0,0,0,0,2/3/2021 8:00,Unknown,Unknown,Daylight,Unknown,Unknown,Broadside,Other Vehicle
651207,0,1,0,0,2/4/2021 7:16,Dry,No Unusual Conditions,Daylight,Violation Driver 1,Clear,Head On,Other Vehicle
651208,0,0,0,0,2/4/2021 9:30,Dry,No Unusual Conditions,Daylight,Violation Driver 1,Clear,Rear End,Other Vehicle
651209,0,0,0,0,2/5/2021 19:00,Unknown,Unknown,Unknown,Unknown,Unknown,Rear End,Other Vehicle
651210,0,0,0,0,2/6/2021 0:30,Dry,No Unusual Conditions,Dark - Street Light,Violation Driver 1,Clear,Sideswipe,Parked Vehicle
651211,1,0,1,0,2/6/2021 0:52,Dry,No Unusual Conditions,Dark - Street Light,Violation Driver 1,Clear,Head On,Other Vehicle
651234,0,0,0,0,2/2/2021 21:46,Dry,No Unusual Conditions,Dark - Street Light,Violation Driver 1,Clear,Hit Object,Fixed Object
651235,1,0,0,0,2/3/2021 10:15,Dry,No Unusual Conditions,Daylight,Violation Driver 1,Clear,Broadside,Motorcycle
651236,0,0,0,0,2/3/2021 12:19,Dry,Construction - Repair Zone,Daylight,Violation Driver 1,Clear,Sideswipe,Other Vehicle
651237,0,0,0,0,2/6/2021 0:25,Dry,No Unusual Conditions,Dark - Street Light,Violation Driver 1,Clear,Sideswipe,Parked Vehicle
651238,0,0,1,0,2/6/2021 3:23,Dry,No Unusual Conditions,Dark - Street Light,Violation Driver 1,Clear,Hit Object,Fixed Object
651239,0,1,0,0,2/3/2021 8:21,Dry,No Unusual Conditions,Daylight,Violation Driver 1,Clear,Vehicle/Pedestrian,Pedestrian
651240,1,0,0,0,2/2/2021 16:20,Wet,No Unusual Conditions,Daylight,Violation Driver 1,Rain,Hit Object,Fixed Object
678377,0,1,0,0,7/13/2021 15:36,Dry,No Unusual Conditions,Daylight,Violation Driver 1,Clear,Broadside,Other Vehicle
678378,0,0,0,0,7/13/2021 5:47,Dry,No Unusual Conditions,Dusk - Dawn,Violation Driver 1,Clear,Hit Object,Fixed Object
678379,0,0,0,0,7/13/2021 18:20,Dry,No Unusual Conditions,Daylight,Violation Driver 1,Clear,Rear End,Other Vehicle
678380,1,0,0,0,7/13/2021 9:25,Dry,No Unusual Conditions,Daylight,Violation Driver 1,Clear,Rear End,Other Vehicle
678381,0,1,0,0,7/13/2021 13:33,Dry,No Unusual Conditions,Daylight,Unknown,Clear,Vehicle/Bike,Bike
678382,0,0,0,0,7/17/2021 0:21,Dry,No Unusual Conditions,Dark - Street Light,Violation Driver 1,Clear,Hit Object,Fixed Object
678383,0,1,0,0,7/17/2021 23:54,Dry,No Unusual Conditions,Dark - Street Light,Violation Driver 1,Clear,Hit Object,Fixed Object
678384,0,0,0,0,7/17/2021 23:41,Dry,No Unusual Conditions,Dark - Street Light,Violation Driver 1,Clear,Rear End,Parked Vehicle
678385,0,0,0,0,7/17/2021 23:32,Dry,No Unusual Conditions,Dark - Street Light,Violation Driver 1,Clear,Broadside,Other Vehicle
678386,0,0,0,0,7/17/2021 19:35,Dry,No Unusual Conditions,Dusk - Dawn,Violation Driver 1,Clear,Head On,Other Vehicle
678387,2,0,0,0,7/17/2021 14:01,Dry,No Unusual Conditions,Daylight,Violation Driver 1,Clear,Rear End,Other Vehicle
678388,1,0,0,0,7/17/2021 18:47,Dry,No Unusual Conditions,Daylight,Unknown,Clear,Broadside,Other Vehicle
678389,0,0,1,0,7/14/2021 14:38,Dry,No Unusual Conditions,Daylight,Violation Driver 1,Clear,Vehicle/Bike,Bike
678390,0,0,0,0,7/15/2021 20:36,Dry,Construction - Repair Zone,Daylight,Violation Driver 1,Clear,Broadside,Other Vehicle
651247,0,0,0,0,2/6/2021 1:45,Dry,No Unusual Conditions,Dark - Street Light,Violation Driver 1,Clear,Head On,Other Vehicle
651248,0,0,0,0,2/1/2021 2:30,Unknown,Unknown,Unknown,Violation Driver 1,Unknown,Sideswipe,Parked Vehicle
651303,0,0,0,0,2/2/2021 16:25,Dry,Unknown,Daylight,Violation Driver 1,Clear,Broadside,Train
651304,0,0,0,0,2/2/2021 18:30,Dry,No Unusual Conditions,Dark - Street Light,Violation Driver 1,Clear,Sideswipe,Other Vehicle
651305,0,1,0,0,2/3/2021 18:25,Dry,No Unusual Conditions,Dark - Street Light,Pedestrian At Fault,Cloudy,Vehicle/Pedestrian,Pedestrian
651306,0,0,0,0,2/4/2021 2:02,Dry,No Unusual Conditions,Dark - Street Light,Violation Driver 1,Clear,Head On,Other Vehicle
651338,1,0,0,0,2/3/2021 10:50,Dry,No Unusual Conditions,Daylight,Violation Driver 1,Clear,Rear End,Other Vehicle
651339,0,0,0,0,2/4/2021 11:15,Dry,No Unusual Conditions,Daylight,Violation Driver 1,Clear,Rear End,Other Vehicle
651340,1,0,0,0,2/6/2021 10:01,Dry,No Unusual Conditions,Daylight,Bike At Fault,Clear,Vehicle/Bike,Bike
651341,0,0,0,0,1/28/2021 23:24,Wet,Flooded,Dark - Street Light,Violation Driver 1,Rain,Hit Object,Fixed Object
651342,1,0,0,0,1/28/2021 19:00,Wet,No Unusual Conditions,Dark - Street Light,Unknown,Rain,Rear End,Other Vehicle
651343,0,0,0,0,2/4/2021 23:57,Dry,No Unusual Conditions,Dark - Street Light,Unknown,Clear,Head On,Animal
651394,0,0,0,0,2/4/2021 11:23,Dry,No Unusual Conditions,Daylight,Violation Driver 1,Clear,Sideswipe,Parked Vehicle
651395,1,0,0,0,2/4/2021 14:58,Dry,No Unusual Conditions,Daylight,Violation Driver 1,Clear,Head On,Other Vehicle
678391,0,0,0,0,7/15/2021 21:55,Dry,No Unusual Conditions,Dark - Street Light,Unknown,Clear,Other,Other Vehicle
678392,0,0,0,0,7/15/2021 17:32,Dry,No Unusual Conditions,Daylight,Unknown,Clear,Other,Other Vehicle
678393,0,0,0,0,7/15/2021 11:04,Dry,No Unusual Conditions,Daylight,Violation Driver 1,Clear,Hit Object,Fixed Object
678394,0,0,0,0,7/31/2021 19:32,Dry,No Unusual Conditions,Dusk - Dawn,Violation Driver 1,Clear,Sideswipe,Parked Vehicle
678395,1,0,2,1,9/2/2021 22:32,Dry,No Unusual Conditions,Dark - Street Light,Violation Driver 1,Clear,Broadside,Other Vehicle
678396,1,0,0,0,7/22/2021 21:37,Dry,No Unusual Conditions,Dark - Street Light,Violation Driver 1,Clear,Broadside,Other Vehicle
678397,0,0,0,0,7/23/2021 21:43,Dry,No Unusual Conditions,Dark - Street Light,Violation Driver 1,Clear,Rear End,Parked Vehicle
678398,0,0,0,0,7/24/2021 1:48,Dry,No Unusual Conditions,Dark - Street Light,Violation Driver 1,Clear,Head On,Fixed Object
678399,0,0,0,0,7/25/2021 7:15,Dry,No Unusual Conditions,Daylight,Violation Driver 1,Clear,Sideswipe,Other Vehicle
678400,0,0,0,0,7/25/2021 21:45,Dry,Unknown,Dusk - Dawn,Unknown,Clear,Rear End,Parked Vehicle
678401,0,0,0,0,7/25/2021 23:53,Dry,No Unusual Conditions,Dark - Street Light,Violation Driver 1,Clear,Hit Object,Fixed Object
678402,0,0,0,0,7/26/2021 16:00,Dry,No Unusual Conditions,Daylight,Unknown,Clear,Sideswipe,Parked Vehicle
678403,1,0,0,0,7/26/2021 16:52,Dry,No Unusual Conditions,Daylight,Violation Driver 1,Clear,Broadside,Other Vehicle
678404,0,0,0,0,7/28/2021 7:45,Dry,No Unusual Conditions,Daylight,Violation Driver 1,Clear,Sideswipe,Parked Vehicle
651396,1,0,0,0,2/4/2021 18:38,Dry,No Unusual Conditions,Dark - Street Light,Violation Driver 1,Clear,Head On,Other Vehicle
651397,0,0,0,0,2/7/2021 23:05,Unknown,Unknown,Unknown,Unknown,Unknown,Rear End,Other Vehicle
651398,1,0,0,0,2/3/2021 2:57,Dry,No Unusual Conditions,Dark - Street Light,Violation Driver 1,Clear,Broadside,Other Vehicle
651399,1,0,0,0,1/8/2021 16:45,Dry,No Unusual Conditions,Daylight,Unknown,Clear,Broadside,Motor Vehicle On Other Roadway
651400,0,1,0,0,2/2/2021 13:59,Dry,No Unusual Conditions,Daylight,Violation Driver 1,Clear,Sideswipe,Motorcycle
651409,0,0,0,0,2/4/2021 11:10,Dry,No Unusual Conditions,Daylight,Unknown,Clear,Rear End,Other Vehicle
651410,0,0,0,0,2/5/2021 7:23,Dry,No Unusual Conditions,Daylight,Violation Driver 1,Clear,Hit Object,Fixed Object
651411,0,1,0,0,2/5/2021 8:17,Dry,No Unusual Conditions,Daylight,Bike At Fault,Clear,Vehicle/Bike,Bike
651412,0,0,0,0,2/5/2021 10:25,Dry,No Unusual Conditions,Daylight,Violation Driver 1,Clear,Sideswipe,Parked Vehicle
651413,0,2,0,0,2/5/2021 16:32,Dry,No Unusual Conditions,Daylight,Violation Driver 1,Clear,Broadside,Other Vehicle
651414,1,0,0,0,2/5/2021 18:08,Dry,No Unusual Conditions,Dark - Street Light,Violation Driver 1,Clear,Head On,Other Vehicle
651415,1,1,1,0,2/5/2021 18:10,Dry,No Unusual Conditions,Dark - Street Light,Violation Driver 1,Clear,Vehicle/Bike,Bike
651449,0,1,0,0,2/2/2021 15:13,Dry,No Unusual Conditions,Daylight,Violation Driver 1,Clear,Broadside,Motorcycle
651450,1,0,0,0,2/4/2021 18:05,Dry,No Unusual Conditions,Dusk - Dawn,Violation Driver 1,Clear,Sideswipe,Other Vehicle
678405,2,0,0,0,7/28/2021 10:56,Dry,No Unusual Conditions,Daylight,Violation Driver 1,Clear,Rear End,Other Vehicle
678406,0,0,0,0,7/28/2021 18:00,Dry,Unknown,Daylight,Unknown,Clear,Other,Unknown
678407,1,0,0,0,7/30/2021 11:55,Dry,No Unusual Conditions,Daylight,Unknown,Clear,Broadside,Other Vehicle
678408,0,0,0,0,8/5/2021 14:40,Dry,No Unusual Conditions,Daylight,Violation Driver 1,Clear,Rear End,Other Vehicle
678409,0,0,0,0,8/7/2021 9:28,Dry,No Unusual Conditions,Daylight,Violation Driver 1,Clear,Hit Object,Fixed Object
678410,0,2,0,0,8/2/2021 19:50,Dry,No Unusual Conditions,Daylight,Violation Driver 1,Clear,Broadside,Other Vehicle
678411,2,0,0,0,7/25/2021 0:41,Dry,No Unusual Conditions,Dark - Street Light,Violation Driver 1,Clear,Broadside,Other Vehicle
678412,0,0,0,0,8/5/2021 14:00,Dry,No Unusual Conditions,Daylight,Violation Driver 1,Clear,Sideswipe,Parked Vehicle
678413,0,0,0,0,7/31/2021 2:45,Dry,No Unusual Conditions,Dark - Street Light,Unknown,Clear,Sideswipe,Other Vehicle
678414,2,0,0,0,8/3/2021 14:38,Dry,No Unusual Conditions,Daylight,Violation Driver 1,Clear,Sideswipe,Other Vehicle
678415,0,0,0,0,7/30/2021 17:50,Dry,No Unusual Conditions,Daylight,Violation Driver 1,Clear,Broadside,Other Vehicle
678416,0,0,0,0,7/29/2021 19:20,Dry,No Unusual Conditions,Dusk - Dawn,Unknown,Clear,Rear End,Other Vehicle
678417,1,0,0,0,7/30/2021 13:01,Dry,No Unusual Conditions,Daylight,Violation Driver 1,Clear,Vehicle/Bike,Bike
678418,3,0,0,0,8/3/2021 2:04,Dry,No Unusual Conditions,Dark - Street Light,Violation Driver 1,Clear,Sideswipe,Other Vehicle
651451,1,0,0,0,2/4/2021 20:36,Dry,No Unusual Conditions,Dark - Street Light,Violation Driver 1,Clear,Broadside,Other Vehicle
651461,3,0,0,0,2/5/2021 18:14,Dry,No Unusual Conditions,Dark - Street Light,Violation Driver 1,Clear,Sideswipe,Other Vehicle
651462,0,1,0,0,2/5/2021 23:11,Dry,No Unusual Conditions,Dusk - Dawn,Violation Driver 1,Clear,Broadside,Parked Vehicle
651463,0,0,0,0,2/6/2021 9:30,Dry,No Unusual Conditions,Daylight,Unknown,Clear,Rear End,Other Vehicle
651464,0,0,0,0,2/6/2021 15:20,Dry,No Unusual Conditions,Daylight,Violation Driver 1,Clear,Hit Object,Fixed Object
651465,0,1,0,0,2/6/2021 18:16,Dry,No Unusual Conditions,Dusk - Dawn,Bike At Fault,Clear,Vehicle/Bike,Bike
651466,2,0,0,0,2/4/2021 22:50,Dry,No Unusual Conditions,Dark - Street Light,Unknown,Clear,Broadside,Other Vehicle
651467,1,0,0,0,2/5/2021 20:45,Dry,No Unusual Conditions,Dark - Street Light,Violation Driver 1,Clear,Head On,Other Vehicle
651468,0,0,0,0,2/5/2021 21:55,Dry,No Unusual Conditions,Dark - Street Light,Violation Driver 1,Clear,Rear End,Parked Vehicle
651469,1,0,1,0,2/7/2021 20:57,Dry,No Unusual Conditions,Dark - Street Light,Violation Driver 1,Clear,Sideswipe,Motorcycle
651478,0,0,0,0,2/7/2021 20:00,Dry,No Unusual Conditions,Dark - Street Light,Unknown,Clear,Sideswipe,Other Vehicle
651479,2,0,0,0,2/8/2021 8:37,Dry,No Unusual Conditions,Daylight,Violation Driver 1,Clear,Rear End,Other Vehicle
651496,0,1,0,0,2/4/2021 12:21,Dry,No Unusual Conditions,Daylight,Bike At Fault,Clear,Vehicle/Bike,Bike
651497,0,0,1,0,2/6/2021 15:45,Dry,No Unusual Conditions,Daylight,Violation Driver 1,Clear,Broadside,Other Vehicle
678419,0,0,0,0,8/2/2021 18:20,Dry,No Unusual Conditions,Daylight,Violation Driver 1,Clear,Head On,Parked Vehicle
678420,1,0,0,0,8/3/2021 18:06,Dry,No Unusual Conditions,Daylight,Violation Driver 1,Clear,Broadside,Other Vehicle
678421,1,0,0,0,8/6/2021 16:40,Dry,No Unusual Conditions,Daylight,Violation Driver 1,Clear,Vehicle/Bike,Bike
678422,0,0,0,0,8/6/2021 10:49,Dry,No Unusual Conditions,Daylight,Violation Driver 1,Clear,Sideswipe,Other Vehicle
678423,0,0,0,0,7/31/2021 23:21,Dry,No Unusual Conditions,Dark - Street Light,Violation Driver 1,Clear,Broadside,Parked Vehicle
678424,2,0,0,0,7/24/2021 15:57,Dry,No Unusual Conditions,Daylight,Violation Driver 1,Clear,Broadside,Other Vehicle