CrashFactId,MinorInjuries,ModerateInjuries,SevereInjuries,FatalInjuries,CrashDateTime,RoadwaySurface,RoadwayCondition,Lighting,PrimaryCollisionFactor,Weather,CollisionType,VehicleInvolvedWith
677013,1,0,0,0,3/22/2021 10:46,Dry,No Unusual Conditions,Daylight,Violation Driver 1,Clear,Sideswipe,Other Vehicle
677014,0,0,0,0,3/22/2021 16:15,Dry,No Unusual Conditions,Daylight,Violation Driver 1,Clear,Sideswipe,Other Vehicle
677015,1,0,0,0,3/22/2021 18:09,Dry,No Unusual Conditions,Daylight,Violation Driver 1,Clear,Sideswipe,Motorcycle
677016,2,1,0,0,3/22/2021 19:03,Dry,No Unusual Conditions,Dusk - Dawn,Violation Driver 1,Clear,Head On,Other Vehicle
677017,1,0,0,0,3/22/2021 23:18,Dry,No Unusual Conditions,Dark - Street Light,Violation Driver 1,Clear,Sideswipe,Other Vehicle
677018,1,0,0,0,3/23/2021 6:26,Dry,No Unusual Conditions,Dark - Street Light,Violation Driver 1,Clear,Broadside,Other Vehicle
677019,0,0,0,0,3/23/2021 13:25,Dry,No Unusual Conditions,Daylight,Unknown,Clear,Broadside,Other Vehicle
677020,1,0,0,0,3/23/2021 10:02,Dry,No Unusual Conditions,Daylight,Violation Driver 1,Clear,Broadside,Other Vehicle
677021,2,0,0,0,3/23/2021 11:39,Dry,No Unusual Conditions,Daylight,Violation Driver 1,Clear,Head On,Other Vehicle
677022,0,0,0,0,3/23/2021 18:23,Unknown,No Unusual Conditions,Daylight,Violation Driver 1,Clear,Rear End,Parked Vehicle
677023,1,0,0,0,3/23/2021 7:45,Dry,No Unusual Conditions,Daylight,Violation Driver 1,Clear,Sideswipe,Other Vehicle
677024,0,1,0,0,3/23/2021 18:50,Dry,No Unusual Conditions,Dusk - Dawn,Violation Driver 1,Clear,Sideswipe,Other Vehicle
677025,0,0,1,0,3/23/2021 19:49,Dry,No Unusual Conditions,Dusk - Dawn,Bike At Fault,Clear,Vehicle/Bike,Bike
677026,1,0,0,0,3/23/2021 22:32,Dry,No Unusual Conditions,Dark - Street Light,Violation Driver 1,Clear,Broadside,Other Vehicle
677027,1,0,0,0,3/23/2021 20:51,Dry,No Unusual Conditions,Dark - Street Light,Violation Driver 1,Clear,Sideswipe,Other Vehicle
678832,0,0,0,0,9/20/2021 17:05,Dry,No Unusual Conditions,Daylight,Unknown,Clear,Head On,Other Vehicle
678833,0,0,0,0,9/20/2021 19:45,Dry,No Unusual Conditions,Dark - No Street Light,Unknown,Clear,Sideswipe,Parked Vehicle
678834,0,0,0,0,9/20/2021 13:33,Dry,No Unusual Conditions,Daylight,Violation Driver 1,Clear,Broadside,Other Vehicle
678835,3,0,0,0,8/13/2021 22:25,Dry,No Unusual Conditions,Dark - Street Light,Violation Driver 1,Clear,Broadside,Other Vehicle
678836,0,0,0,0,8/13/2021 1:36,Dry,No Unusual Conditions,Dark - Street Light,Violation Driver 1,Clear,Hit Object,Fixed Object
678837,0,0,0,0,8/13/2021 5:07,Dry,No Unusual Conditions,Dark - Street Light,Violation Driver 1,Clear,Hit Object,Other Object
678838,0,0,0,0,8/13/2021 9:02,Dry,No Unusual Conditions,Dark - Street Light,Violation Driver 1,Clear,Rear End,Parked Vehicle
678839,2,0,0,0,8/13/2021 16:33,Dry,No Unusual Conditions,Daylight,Violation Driver 1,Clear,Broadside,Other Vehicle
678840,0,1,1,0,8/13/2021 21:20,Dry,No Unusual Conditions,Dark - Street Light,Bike At Fault,Clear,Vehicle/Bike,Bike
678841,0,0,0,0,8/13/2021 20:05,Dry,No Unusual Conditions,Dark - Street Light,Violation Driver 1,Clear,Head On,Fixed Object
678842,0,1,0,0,8/14/2021 2:42,Dry,No Unusual Conditions,Dark - Street Light,Violation Driver 1,Clear,Head On,Parked Vehicle
678843,1,0,0,0,8/14/2021 11:23,Dry,No Unusual Conditions,Daylight,Violation Driver 1,Clear,Other,Other Vehicle
678844,1,1,0,0,8/14/2021 11:13,Dry,No Unusual Conditions,Daylight,Violation Driver 1,Clear,Broadside,Other Vehicle
678845,0,0,0,0,8/14/2021 16:25,Dry,No Unusual Conditions,Daylight,Violation Driver 1,Clear,Sideswipe,Other Vehicle
678846,0,0,0,0,8/14/2021 17:26,Dry,No Unusual Conditions,Daylight,Violation Driver 1,Clear,Sideswipe,Other Vehicle
678847,2,0,0,0,8/14/2021 20:52,Dry,No Unusual Conditions,Dark - Street Light,Violation Driver 1,Clear,Broadside,Other Vehicle
678848,1,0,0,0,8/14/2021 23:08,Dry,No Unusual Conditions,Dark - Street Light,Violation Driver 1,Clear,Hit Object,Fixed Object
678849,0,0,0,0,8/14/2021 23:15,Dry,No Unusual Conditions,Dark - Street Light,Violation Driver 1,Clear,Sideswipe,Parked Vehicle
678850,0,0,0,0,8/15/2021 0:00,Dry,No Unusual Conditions,Dark - No Street Light,Violation Driver 1,Clear,Sideswipe,Parked Vehicle
678851,3,0,0,0,8/15/2021 0:11,Dry,No Unusual Conditions,Dark - Street Light,Violation Driver 1,Clear,Sideswipe,Other Vehicle
678852,0,0,0,0,8/15/2021 1:00,Dry,No Unusual Conditions,Dark - Street Light,Violation Driver 1,Clear,Hit Object,Fixed Object
678853,0,0,0,0,8/15/2021 3:30,Dry,Unknown,Dark - Street Light,Violation Driver 1,Clear,Sideswipe,Motor Vehicle On Other Roadway
678854,1,0,0,0,8/15/2021 13:24,Dry,No Unusual Conditions,Daylight,Violation Driver 1,Clear,Rear End,Parked Vehicle
678855,3,2,0,0,8/15/2021 15:01,Dry,No Unusual Conditions,Daylight,Violation Driver 1,Clear,Sideswipe,Other Vehicle
678856,0,0,0,0,8/15/2021 15:47,Dry,No Unusual Conditions,Daylight,Violation Driver 1,Clear,Rear End,Other Vehicle
678857,2,0,0,0,8/15/2021 16:26,Dry,No Unusual Conditions,Daylight,Violation Driver 1,Clear,Rear End,Other Vehicle
678858,0,0,0,0,8/15/2021 17:36,Dry,No Unusual Conditions,Daylight,Violation Driver 1,Clear,Rear End,Parked Vehicle
677028,0,0,0,0,3/24/2021 16:25,Dry,No Unusual Conditions,Daylight,Unknown,Clear,Sideswipe,Other Vehicle
677029,0,1,0,0,3/24/2021 5:40,Dry,No Unusual Conditions,Dark - Street Light,Violation Driver 1,Clear,Broadside,Motorcycle
677030,1,0,0,0,3/24/2021 17:20,Dry,No Unusual Conditions,Daylight,Violation Driver 1,Clear,Vehicle/Pedestrian,Pedestrian
677031,1,0,0,0,3/24/2021 20:02,Dry,No Unusual Conditions,Dark - Street Light,Violation Driver 1,Clear,Head On,Other Vehicle
677032,0,0,0,0,3/25/2021 6:23,Dry,Unknown,Dark - Street Light,Violation Driver 1,Clear,Rear End,Parked Vehicle
677033,0,0,0,0,3/25/2021 23:09,Dry,No Unusual Conditions,Dark - Street Light,Unknown,Clear,Rear End,Parked Vehicle
677034,0,0,0,0,3/25/2021 1:55,Dry,No Unusual Conditions,Dark - Street Light,Unknown,Clear,Sideswipe,Other Vehicle
677035,0,0,0,0,3/25/2021 2:13,Dry,No Unusual Conditions,Dark - Street Light,Violation Driver 1,Clear,Hit Object,Fixed Object
677036,0,0,0,0,3/25/2021 5:10,Dry,No Unusual Conditions,Dusk - Dawn,Violation Driver 1,Clear,Sideswipe,Parked Vehicle
677037,0,0,0,0,3/25/2021 7:27,Dry,No Unusual Conditions,Dark - Street Light,Violation Driver 1,Clear,Broadside,Parked Vehicle
677038,0,0,0,0,3/25/2021 9:23,Unknown,Unknown,Daylight,Unknown,Unknown,Other,Parked Vehicle
677039,0,0,0,0,3/25/2021 13:34,Dry,No Unusual Conditions,Daylight,Violation Driver 1,Clear,Rear End,Other Vehicle
677040,0,0,0,0,3/25/2021 14:06,Dry,No Unusual Conditions,Daylight,Violation Driver 1,Clear,Head On,Other Vehicle
677041,1,0,0,0,3/25/2021 16:37,Dry,No Unusual Conditions,Daylight,Violation Driver 1,Clear,Broadside,Other Vehicle
678859,1,1,0,0,8/15/2021 17:43,Dry,No Unusual Conditions,Daylight,Violation Driver 1,Clear,Broadside,Other Vehicle
678860,0,0,1,0,8/15/2021 18:15,Dry,No Unusual Conditions,Daylight,Bike At Fault,Clear,Vehicle/Bike,Bike
678861,1,1,0,0,8/15/2021 21:13,Dry,No Unusual Conditions,Dark - Street Light,Violation Driver 1,Clear,Broadside,Other Vehicle
678862,0,0,0,0,8/15/2021 22:53,Dry,No Unusual Conditions,Dark - Street Light,Violation Driver 1,Clear,Head On,Other Vehicle
678863,0,0,0,0,9/1/2021 7:39,Dry,No Unusual Conditions,Daylight,Violation Driver 1,Clear,Hit Object,Other Object
678864,0,0,0,0,9/1/2021 7:55,Dry,No Unusual Conditions,Daylight,Violation Driver 1,Clear,Head On,Parked Vehicle
678865,0,0,0,0,9/1/2021 9:00,Dry,No Unusual Conditions,Daylight,Violation Driver 1,Clear,Sideswipe,Other Vehicle
678866,0,1,0,0,9/1/2021 13:22,Dry,No Unusual Conditions,Dusk - Dawn,Violation Driver 1,Clear,Vehicle/Bike,Bike
678867,0,0,0,0,9/1/2021 17:44,Dry,No Unusual Conditions,Daylight,Violation Driver 1,Clear,Sideswipe,Parked Vehicle
678868,0,0,0,0,9/1/2021 20:22,Dry,No Unusual Conditions,Dark - Street Light,Violation Driver 1,Clear,Hit Object,Fixed Object
678869,0,0,0,0,9/2/2021 7:40,Dry,No Unusual Conditions,Daylight,Violation Driver 1,Clear,Sideswipe,Other Vehicle
678870,1,0,0,0,9/2/2021 13:36,Dry,No Unusual Conditions,Daylight,Violation Driver 1,Clear,Broadside,Other Vehicle
678871,0,1,0,0,9/2/2021 8:14,Dry,No Unusual Conditions,Daylight,Violation Driver 1,Clear,Broadside,Other Vehicle
678872,0,0,0,0,9/2/2021 8:34,Dry,No Unusual Conditions,Daylight,Violation Driver 1,Clear,Sideswipe,Parked Vehicle
677042,0,0,0,0,3/25/2021 17:39,Dry,No Unusual Conditions,Daylight,Violation Driver 1,Clear,Sideswipe,Other Vehicle
677043,0,0,0,0,3/25/2021 21:04,Dry,No Unusual Conditions,Dark - Street Light,Unknown,Clear,Head On,Parked Vehicle
677044,0,0,0,0,3/25/2021 21:56,Dry,No Unusual Conditions,Dark - Street Light,Violation Driver 1,Clear,Hit Object,Fixed Object
677045,2,0,0,0,3/26/2021 7:24,Dry,No Unusual Conditions,Daylight,Violation Driver 1,Clear,Broadside,Other Vehicle
677046,2,0,0,0,3/26/2021 9:24,Dry,No Unusual Conditions,Daylight,Violation Driver 1,Clear,Head On,Parked Vehicle
677047,0,0,0,0,3/26/2021 11:50,Dry,No Unusual Conditions,Daylight,Unknown,Clear,Rear End,Other Vehicle
677048,0,0,0,0,3/26/2021 19:15,Dry,No Unusual Conditions,Daylight,Violation Driver 1,Clear,Sideswipe,Other Vehicle
677049,0,0,0,0,3/26/2021 19:19,Dry,No Unusual Conditions,Dusk - Dawn,Violation Driver 1,Clear,Broadside,Other Vehicle
677050,0,0,0,0,3/27/2021 0:16,Dry,No Unusual Conditions,Dark - Street Light,Violation Driver 1,Clear,Hit Object,Fixed Object
677051,0,1,0,0,3/27/2021 1:40,Dry,No Unusual Conditions,Dark - Street Light,Violation Driver 1,Clear,Hit Object,Fixed Object
677052,1,0,0,0,3/27/2021 6:35,Dry,No Unusual Conditions,Dusk - Dawn,Unknown,Clear,Broadside,Other Vehicle
677053,0,0,0,0,3/27/2021 13:30,Dry,No Unusual Conditions,Daylight,Unknown,Clear,Sideswipe,Other Vehicle
677054,0,0,0,1,4/5/2021 16:26,Dry,No Unusual Conditions,Daylight,Unknown,Clear,Vehicle/Bike,Bike
678873,0,0,0,0,9/2/2021 14:15,Dry,No Unusual Conditions,Daylight,Violation Driver 1,Clear,Rear End,Other Vehicle
678874,0,1,0,0,9/2/2021 14:59,Dry,No Unusual Conditions,Daylight,Violation Driver 1,Clear,Broadside,Other Vehicle
678875,1,0,0,0,9/2/2021 17:08,Unknown,No Unusual Conditions,Daylight,Violation Driver 1,Clear,Broadside,Other Vehicle
678876,0,0,0,0,9/3/2021 0:22,Dry,No Unusual Conditions,Dark - Street Light,Violation Driver 1,Clear,Rear End,Parked Vehicle
678877,0,0,0,0,9/2/2021 0:20,Dry,No Unusual Conditions,Dark - Street Light,Unknown,Clear,Sideswipe,Parked Vehicle
678878,0,1,0,0,9/2/2021 18:30,Dry,No Unusual Conditions,Daylight,Violation Driver 1,Clear,Vehicle/Bike,Bike
678879,1,0,0,0,9/3/2021 5:53,Dry,No Unusual Conditions,Dusk - Dawn,Violation Driver 1,Clear,Rear End,Parked Vehicle
678880,0,0,0,0,9/3/2021 11:08,Dry,No Unusual Conditions,Daylight,Violation Driver 1,Clear,Hit Object,Parked Vehicle
678881,1,0,0,0,9/3/2021 13:15,Dry,No Unusual Conditions,Daylight,Violation Driver 1,Clear,Rear End,Other Vehicle
678882,0,1,0,0,9/3/2021 14:50,Dry,No Unusual Conditions,Daylight,Violation Driver 1,Clear,Broadside,Other Vehicle
678883,0,0,0,0,9/3/2021 23:47,Dry,No Unusual Conditions,Dark - Street Light,Violation Driver 1,Clear,Sideswipe,Parked Vehicle
678884,0,0,0,0,9/4/2021 8:37,Dry,No Unusual Conditions,Daylight,Violation Driver 1,Clear,Sideswipe,Parked Vehicle
678885,0,0,0,0,9/4/2021 18:25,Dry,No Unusual Conditions,Daylight,Violation Driver 1,Clear,Head On,Parked Vehicle
678886,0,0,1,0,9/4/2021 19:50,Dry,No Unusual Conditions,Dark - Street Light Not Functioning,Bike At Fault,Clear,Vehicle/Bike,Bike
677055,0,0,0,0,3/27/2021 19:45,Dry,No Unusual Conditions,Daylight,Violation Driver 1,Clear,Sideswipe,Other Vehicle
677056,0,0,1,0,3/27/2021 20:08,Dry,No Unusual Conditions,Dark - Street Light,Violation Driver 1,Clear,Vehicle/Bike,Bike
677057,0,1,0,0,3/27/2021 8:57,Dry,No Unusual Conditions,Daylight,Violation Driver 1,Clear,Hit Object,Fixed Object
677058,0,0,0,0,3/28/2021 1:05,Dry,No Unusual Conditions,Dark - Street Light,Unknown,Clear,Hit Object,Fixed Object
677059,0,0,0,0,3/28/2021 2:17,Dry,No Unusual Conditions,Daylight,Violation Driver 1,Clear,Sideswipe,Parked Vehicle
677060,0,0,0,0,3/28/2021 7:35,Dry,No Unusual Conditions,Daylight,Violation Driver 1,Clear,Other,Parked Vehicle
677061,1,0,0,0,3/28/2021 8:30,Dry,No Unusual Conditions,Daylight,Violation Driver 1,Clear,Sideswipe,Parked Vehicle
677062,1,0,0,0,3/28/2021 9:32,Dry,No Unusual Conditions,Daylight,Violation Driver 1,Clear,Broadside,Motorcycle
677063,1,0,0,0,3/28/2021 10:01,Dry,No Unusual Conditions,Daylight,Violation Driver 1,Cloudy,Hit Object,Fixed Object
677064,0,1,0,0,3/28/2021 12:06,Dry,No Unusual Conditions,Daylight,Violation Driver 1,Clear,Head On,Other Vehicle
677065,0,0,0,0,3/28/2021 12:10,Dry,No Unusual Conditions,Daylight,Violation Driver 1,Clear,Hit Object,Other Object
677066,0,0,0,0,3/28/2021 14:30,Dry,No Unusual Conditions,Daylight,Violation Driver 1,Clear,Rear End,Parked Vehicle
677067,0,0,0,0,3/28/2021 15:49,Dry,No Unusual Conditions,Daylight,Violation Driver 1,Clear,Rear End,Parked Vehicle
678887,0,1,0,0,9/4/2021 20:01,Dry,No Unusual Conditions,Dark - Street Light,Violation Driver 1,Clear,Hit Object,Fixed Object
678888,0,0,0,0,9/4/2021 21:15,Dry,No Unusual Conditions,Daylight,Violation Driver 1,Clear,Sideswipe,Parked Vehicle
678889,0,0,0,0,9/4/2021 20:00,Dry,No Unusual Conditions,Dark - Street Light,Unknown,Clear,Sideswipe,Parked Vehicle
678890,1,0,0,0,9/4/2021 10:39,Dry,No Unusual Conditions,Daylight,Violation Driver 1,Clear,Sideswipe,Parked Vehicle
678891,1,0,0,0,9/4/2021 17:08,Dry,No Unusual Conditions,Daylight,Violation Driver 1,Clear,Broadside,Other Vehicle
678892,1,0,0,0,9/4/2021 20:04,Dry,No Unusual Conditions,Dark - Street Light,Violation Driver 1,Clear,Vehicle/Bike,Bike
678893,0,0,0,0,9/6/2021 16:36,Dry,No Unusual Conditions,Daylight,Violation Driver 1,Clear,Hit Object,Other Object
678894,0,0,0,0,9/4/2021 21:00,Dry,No Unusual Conditions,Dark - Street Light,Violation Driver 1,Clear,Rear End,Other Vehicle
678895,0,1,0,0,9/4/2021 23:32,Dry,No Unusual Conditions,Dark - Street Light,Violation Driver 1,Clear,Overturned,Parked Vehicle
678896,0,0,0,0,9/5/2021 3:00,Dry,No Unusual Conditions,Dark - Street Light,Violation Driver 1,Clear,Hit Object,Other Object
678897,0,0,0,0,9/5/2021 11:39,Dry,No Unusual Conditions,Daylight,Violation Driver 1,Clear,Sideswipe,Other Vehicle
678898,0,0,1,0,9/5/2021 22:16,Dry,No Unusual Conditions,Dark - Street Light,Violation Driver 1,Clear,Vehicle/Pedestrian,Pedestrian
678899,0,2,0,0,9/5/2021 8:49,Dry,No Unusual Conditions,Daylight,Violation Driver 1,Clear,Vehicle/Pedestrian,Pedestrian
677068,0,1,0,0,3/28/2021 16:11,Dry,No Unusual Conditions,Daylight,Violation Driver 1,Clear,Hit Object,Fixed Object
677069,1,0,0,0,3/28/2021 17:48,Dry,No Unusual Conditions,Daylight,Violation Driver 1,Clear,Hit Object,Fixed Object
677070,0,0,0,0,3/28/2021 20:17,Dry,No Unusual Conditions,Dark - Street Light,Violation Driver 1,Clear,Rear End,Parked Vehicle
677071,0,0,0,0,3/28/2021 21:02,Dry,No Unusual Conditions,Dark - Street Light,Violation Driver 1,Clear,Hit Object,Fixed Object
677072,0,0,0,0,3/28/2021 22:48,Dry,No Unusual Conditions,Dark - Street Light,Violation Driver 1,Clear,Sideswipe,Other Vehicle
677073,0,0,0,0,3/29/2021 2:30,Dry,Unknown,Dark - Street Light,Violation Driver 1,Clear,Rear End,Parked Vehicle
677074,0,0,0,0,3/29/2021 10:17,Dry,Unknown,Daylight,Other Than Driver,Clear,Hit Object,Fixed Object
677075,0,1,0,0,3/29/2021 10:30,Dry,Construction - Repair Zone,Daylight,Bike At Fault,Clear,Vehicle/Bike,Bike
677076,0,0,0,0,3/29/2021 14:05,Dry,No Unusual Conditions,Daylight,Violation Driver 1,Clear,Hit Object,Fixed Object
677077,0,0,0,0,3/29/2021 17:17,Dry,No Unusual Conditions,Daylight,Violation Driver 1,Clear,Other,Parked Vehicle
677078,0,0,0,0,3/29/2021 23:43,Dry,No Unusual Conditions,Dark - Street Light,Violation Driver 1,Clear,Hit Object,Fixed Object
677079,0,0,0,0,3/30/2021 16:00,Unknown,Unknown,Unknown,Unknown,Unknown,Other,Parked Vehicle
677080,0,0,0,0,3/30/2021 2:30,Unknown,Unknown,Unknown,Unknown,Unknown,Rear End,Parked Vehicle
678900,0,0,0,0,9/5/2021 16:57,Dry,No Unusual Conditions,Daylight,Violation Driver 1,Clear,Rear End,Other Vehicle
678901,0,1,0,0,9/6/2021 1:32,Dry,No Unusual Conditions,Dark - Street Light,Violation Driver 1,Clear,Rear End,Parked Vehicle
678902,0,0,0,0,9/6/2021 3:58,Dry,No Unusual Conditions,Dark - Street Light,Violation Driver 1,Clear,Sideswipe,Parked Vehicle
678903,0,0,0,0,9/6/2021 9:01,Dry,Unknown,Daylight,Violation Driver 1,Clear,Sideswipe,Parked Vehicle
678904,2,0,0,0,9/6/2021 11:26,Dry,No Unusual Conditions,Daylight,Violation Driver 1,Clear,Sideswipe,Other Vehicle
678905,1,0,0,0,9/6/2021 12:09,Unknown,No Unusual Conditions,Daylight,Violation Driver 1,Clear,Rear End,Other Vehicle
678906,0,1,0,0,9/6/2021 12:34,Dry,No Unusual Conditions,Daylight,Violation Driver 1,Clear,Rear End,Parked Vehicle
678907,1,0,0,0,9/6/2021 13:42,Dry,No Unusual Conditions,Daylight,Violation Driver 1,Clear,Broadside,Other Vehicle
678908,1,1,0,0,9/6/2021 14:43,Dry,No Unusual Conditions,Dusk - Dawn,Violation Driver 1,Clear,Broadside,Other Vehicle
678909,0,0,0,0,9/6/2021 20:04,Dry,No Unusual Conditions,Daylight,Violation Driver 1,Clear,Rear End,Other Vehicle
678910,2,2,0,0,9/6/2021 20:15,Dry,No Unusual Conditions,Dark - Street Light,Violation Driver 1,Clear,Rear End,Other Vehicle
678911,2,0,0,0,9/6/2021 21:02,Dry,No Unusual Conditions,Dark - Street Light,Violation Driver 1,Clear,Head On,Other Vehicle
678912,0,0,0,0,9/6/2021 21:20,Dry,Unknown,Dark - Street Light,Violation Driver 1,Clear,Broadside,Parked Vehicle
678913,0,1,0,0,9/6/2021 22:28,Dry,No Unusual Conditions,Dark - Street Light,Violation Driver 1,Clear,Sideswipe,Other Vehicle
677081,0,1,0,0,3/30/2021 8:24,Dry,No Unusual Conditions,Daylight,Violation Driver 1,Clear,Broadside,Parked Vehicle
677082,1,0,0,0,3/30/2021 13:48,Dry,No Unusual Conditions,Daylight,Violation Driver 1,Clear,Rear End,Other Vehicle
677083,0,0,0,0,3/30/2021 21:39,Dry,Unknown,Dark - Street Light,Violation Driver 1,Clear,Hit Object,Fixed Object
677084,0,0,0,0,3/31/2021 7:56,Dry,No Unusual Conditions,Daylight,Violation Driver 1,Clear,Broadside,Other Vehicle
677085,2,0,0,0,3/31/2021 9:36,Dry,No Unusual Conditions,Daylight,Violation Driver 1,Clear,Head On,Other Vehicle
677086,1,0,0,0,3/31/2021 10:30,Dry,No Unusual Conditions,Daylight,Violation Driver 1,Clear,Rear End,Other Vehicle
677087,0,0,0,0,3/31/2021 13:30,Dry,No Unusual Conditions,Daylight,Other Improper Driving,Clear,Sideswipe,Other Vehicle
677088,1,0,0,0,3/31/2021 16:00,Dry,No Unusual Conditions,Daylight,Unknown,Clear,Vehicle/Bike,Bike
677089,0,0,0,0,3/31/2021 17:14,Dry,No Unusual Conditions,Daylight,Violation Driver 1,Clear,Broadside,Motor Vehicle On Other Roadway
677090,1,1,0,0,3/31/2021 22:42,Dry,No Unusual Conditions,Dark - Street Light,Violation Driver 1,Clear,Sideswipe,Other Vehicle
677091,0,0,0,0,2/26/2021 1:30,Dry,No Unusual Conditions,Dark - Street Light,Unknown,Clear,Head On,Other Vehicle
677092,0,0,0,0,3/27/2021 16:23,Dry,No Unusual Conditions,Daylight,Violation Driver 1,Clear,Head On,Other Vehicle
677093,0,1,0,0,3/28/2021 16:29,Dry,No Unusual Conditions,Daylight,Violation Driver 1,Clear,Vehicle/Pedestrian,Skateboard
677094,1,0,0,0,3/29/2021 8:10,Dry,No Unusual Conditions,Daylight,Violation Driver 1,Clear,Broadside,Other Vehicle
678914,0,0,0,0,9/7/2021 9:05,Unknown,Unknown,Unknown,Unknown,Unknown,Head On,Other Vehicle
678915,0,0,0,0,9/4/2021 21:00,Dry,No Unusual Conditions,Dark - Street Light,Unknown,Clear,Overturned,Parked Vehicle
678916,0,0,0,0,9/4/2021 12:30,Dry,No Unusual Conditions,Dark - Street Light,Unknown,Clear,Sideswipe,Parked Vehicle
678917,4,0,0,0,9/4/2021 19:30,Dry,No Unusual Conditions,Daylight,Unknown,Clear,Rear End,Other Vehicle
678918,0,0,0,0,9/4/2021 10:20,Dry,No Unusual Conditions,Daylight,Unknown,Clear,Broadside,Other Vehicle
678919,0,0,0,0,9/4/2021 10:45,Dry,Unknown,Dusk - Dawn,Unknown,Clear,Sideswipe,Other Vehicle
678920,0,0,0,0,9/5/2021 6:45,Dry,No Unusual Conditions,Daylight,Unknown,Clear,Overturned,Other Vehicle
678953,0,1,0,0,9/22/2021 19:45,Dry,No Unusual Conditions,Dark - Street Light,Violation Driver 1,Clear,Hit Object,Fixed Object
678955,0,0,0,0,8/19/2021 1:11,Dry,No Unusual Conditions,Dark - Street Light,Violation Driver 1,Clear,Rear End,Fixed Object
678956,1,0,0,0,8/19/2021 2:14,Dry,No Unusual Conditions,Dark - Street Light,Violation Driver 1,Clear,Hit Object,Fixed Object
678957,0,0,0,0,8/19/2021 6:43,Dry,No Unusual Conditions,Dark - Street Light,Violation Driver 1,Clear,Hit Object,Fixed Object
678958,1,0,0,0,8/19/2021 7:28,Dry,No Unusual Conditions,Daylight,Violation Driver 1,Clear,Sideswipe,Other Vehicle
678959,0,0,0,0,8/19/2021 19:45,Dry,No Unusual Conditions,Daylight,Unknown,Clear,Rear End,Other Vehicle
677095,0,0,0,0,3/31/2021 19:00,Dry,No Unusual Conditions,Daylight,Unknown,Clear,Sideswipe,Other Vehicle
677096,1,0,0,0,3/31/2021 15:49,Dry,No Unusual Conditions,Daylight,Violation Driver 1,Clear,Broadside,Other Vehicle
677097,0,0,0,0,4/1/2021 23:23,Dry,No Unusual Conditions,Dark - Street Light,Violation Driver 1,Clear,Rear End,Parked Vehicle
677098,0,0,1,0,4/1/2021 5:31,Dry,No Unusual Conditions,Dark - Street Light,Pedestrian At Fault,Clear,Vehicle/Pedestrian,Pedestrian
677099,0,0,0,0,4/1/2021 15:30,Dry,No Unusual Conditions,Daylight,Violation Driver 1,Clear,Rear End,Other Vehicle
677100,0,1,0,0,4/1/2021 18:11,Dry,No Unusual Conditions,Daylight,Violation Driver 1,Clear,Broadside,Other Vehicle
677101,1,0,0,0,4/1/2021 20:23,Dry,No Unusual Conditions,Dusk - Dawn,Violation Driver 1,Clear,Rear End,Other Vehicle
677102,0,0,0,0,4/1/2021 21:00,Dry,No Unusual Conditions,Dark - Street Light,Violation Driver 1,Clear,Rear End,Other Vehicle
677103,2,0,0,0,4/1/2021 20:30,Dry,No Unusual Conditions,Dark - Street Light,Violation Driver 1,Clear,Rear End,Other Vehicle
677104,0,1,0,1,4/1/2021 21:45,Dry,No Unusual Conditions,Dark - Street Light,Bike At Fault,Clear,Vehicle/Bike,Bike
677105,0,1,0,0,4/1/2021 22:47,Dry,No Unusual Conditions,Dark - Street Light,Violation Driver 1,Clear,Head On,Other Vehicle
677106,0,0,0,0,4/1/2021 6:00,Dry,No Unusual Conditions,Dusk - Dawn,Unknown,Clear,Broadside,Parked Vehicle
677107,0,0,0,0,4/2/2021 0:17,Dry,No Unusual Conditions,Dark - No Street Light,Violation Driver 1,Clear,Broadside,Parked Vehicle
677108,0,0,0,0,4/2/2021 0:47,Dry,No Unusual Conditions,Dark - Street Light,Violation Driver 1,Clear,Sideswipe,Parked Vehicle
677109,0,0,0,0,4/2/2021 10:07,Dry,No Unusual Conditions,Daylight,Violation Driver 1,Clear,Rear End,Parked Vehicle
677110,0,0,0,0,4/2/2021 23:16,Dry,No Unusual Conditions,Dark - Street Light,Violation Driver 1,Clear,Sideswipe,Parked Vehicle
677111,0,1,0,0,4/2/2021 23:31,Dry,No Unusual Conditions,Dark - Street Light,Violation Driver 1,Clear,Rear End,Parked Vehicle
677112,0,0,0,0,4/2/2021 8:54,Dry,No Unusual Conditions,Daylight,Violation Driver 1,Clear,Overturned,Other Vehicle
677113,0,1,0,0,4/2/2021 11:12,Dry,No Unusual Conditions,Daylight,Violation Driver 1,Clear,Sideswipe,Parked Vehicle
677114,0,1,0,0,4/2/2021 14:21,Dry,No Unusual Conditions,Daylight,Violation Driver 1,Clear,Broadside,Other Vehicle
677115,0,0,0,0,4/2/2021 15:35,Dry,No Unusual Conditions,Daylight,Violation Driver 1,Clear,Rear End,Parked Vehicle
677116,0,1,0,0,4/2/2021 16:46,Dry,No Unusual Conditions,Daylight,Violation Driver 1,Clear,Head On,Motorcycle