CrashFactId,MinorInjuries,ModerateInjuries,SevereInjuries,FatalInjuries,CrashDateTime,RoadwaySurface,RoadwayCondition,Lighting,PrimaryCollisionFactor,Weather,CollisionType,VehicleInvolvedWith
678933,1,0,0,0,9/29/2021 19:27,Dry,No Unusual Conditions,Dark - Street Light,Violation Driver 1,Clear,Rear End,Other Vehicle
678934,0,0,0,0,9/29/2021 4:21,Dry,Unknown,Dark - Street Light,Violation Driver 1,Clear,Head On,Parked Vehicle
678935,1,2,1,0,9/29/2021 6:21,Dry,No Unusual Conditions,Dusk - Dawn,Violation Driver 1,Clear,Broadside,Other Vehicle
678936,1,1,0,0,9/29/2021 11:50,Dry,No Unusual Conditions,Daylight,Violation Driver 1,Clear,Broadside,Other Vehicle
678937,0,0,0,0,9/29/2021 13:08,Dry,No Unusual Conditions,Daylight,Violation Driver 1,Clear,Sideswipe,Other Vehicle
678938,1,0,0,0,9/29/2021 18:04,Dry,No Unusual Conditions,Daylight,Violation Driver 1,Clear,Rear End,Other Vehicle
678939,0,0,0,0,9/29/2021 8:50,Unknown,Unknown,Daylight,Unknown,Unknown,Sideswipe,Other Vehicle
678940,0,0,0,0,9/29/2021 17:35,Unknown,Unknown,Dusk - Dawn,Unknown,Unknown,Rear End,Other Vehicle
678941,0,0,0,0,9/29/2021 14:25,Unknown,Unknown,Unknown,Unknown,Unknown,Other,Other Vehicle
678942,1,1,0,0,9/29/2021 7:59,Dry,No Unusual Conditions,Daylight,Violation Driver 1,Clear,Sideswipe,Other Vehicle
678943,0,1,0,0,9/29/2021 18:17,Dry,No Unusual Conditions,Daylight,Violation Driver 1,Clear,Vehicle/Pedestrian,Pedestrian
678944,0,0,0,0,9/30/2021 1:45,Dry,No Unusual Conditions,Dark - Street Light,Violation Driver 1,Clear,Rear End,Other Vehicle
678945,0,0,0,0,9/30/2021 9:16,Dry,No Unusual Conditions,Daylight,Violation Driver 1,Clear,Broadside,Motorcycle
678946,0,0,0,0,9/30/2021 11:08,Dry,No Unusual Conditions,Daylight,Violation Driver 1,Clear,Sideswipe,Parked Vehicle
677395,0,1,0,0,5/2/2021 22:39,Dry,No Unusual Conditions,Dark - Street Light,Pedestrian At Fault,Clear,Vehicle/Pedestrian,Pedestrian
677396,0,0,0,0,5/2/2021 14:10,Unknown,Unknown,Daylight,Unknown,Unknown,Sideswipe,Parked Vehicle
677397,0,0,0,0,5/2/2021 14:47,Unknown,Unknown,Daylight,Unknown,Unknown,Rear End,Other Vehicle
677398,0,0,0,0,5/2/2021 20:00,Unknown,Unknown,Unknown,Unknown,Unknown,Rear End,Other Vehicle
677400,0,1,0,0,5/3/2021 1:01,Dry,No Unusual Conditions,Dark - Street Light,Violation Driver 1,Clear,Hit Object,Fixed Object
677401,0,0,0,0,5/3/2021 12:31,Dry,No Unusual Conditions,Daylight,Unknown,Clear,Hit Object,Fixed Object
677402,0,0,0,0,5/3/2021 17:15,Dry,No Unusual Conditions,Daylight,Unknown,Clear,Rear End,Other Vehicle
677403,0,1,0,0,5/3/2021 21:52,Dry,No Unusual Conditions,Dark - Street Light,Violation Driver 1,Clear,Vehicle/Bike,Bike
677404,1,1,0,0,5/3/2021 23:22,Dry,No Unusual Conditions,Dark - Street Light,Violation Driver 1,Clear,Hit Object,Fixed Object
677405,0,0,0,0,5/3/2021 8:40,Unknown,Unknown,Daylight,Unknown,Unknown,Sideswipe,Other Vehicle
677406,0,0,0,0,5/3/2021 21:05,Unknown,Unknown,Unknown,Unknown,Unknown,Rear End,Other Vehicle
677407,0,0,0,0,5/4/2021 11:35,Dry,Construction - Repair Zone,Daylight,Violation Driver 1,Clear,Sideswipe,Other Vehicle
677408,0,0,0,0,5/4/2021 20:17,Dry,No Unusual Conditions,Dusk - Dawn,Violation Driver 1,Clear,Sideswipe,Parked Vehicle
678947,2,0,0,0,9/30/2021 11:26,Dry,No Unusual Conditions,Daylight,Violation Driver 1,Clear,Rear End,Other Vehicle
678948,1,0,0,0,9/30/2021 15:35,Dry,No Unusual Conditions,Daylight,Violation Driver 1,Clear,Broadside,Other Vehicle
678949,1,0,0,0,9/30/2021 20:47,Dry,No Unusual Conditions,Dark - Street Light,Violation Driver 1,Clear,Broadside,Other Vehicle
678950,0,0,0,0,9/30/2021 23:23,Dry,No Unusual Conditions,Dark - Street Light,Violation Driver 1,Clear,Broadside,Other Vehicle
678951,1,0,0,0,9/30/2021 22:01,Dry,No Unusual Conditions,Dark - Street Light,Violation Driver 1,Clear,Rear End,Other Vehicle
678952,1,0,0,0,9/30/2021 17:27,Dry,No Unusual Conditions,Daylight,Violation Driver 1,Clear,Broadside,Other Vehicle
678954,0,0,0,1,10/30/2021 19:49,Dry,No Unusual Conditions,Dark - Street Light Not Functioning,Violation Driver 1,Clear,Vehicle/Pedestrian,Pedestrian
679044,1,0,0,0,9/23/2021 12:21,Dry,No Unusual Conditions,Daylight,Violation Driver 1,Clear,Vehicle/Bike,Bike
679049,1,0,0,0,9/23/2021 12:57,Dry,No Unusual Conditions,Daylight,Violation Driver 1,Clear,Rear End,Parked Vehicle
679091,1,0,0,0,9/23/2021 19:22,Dry,No Unusual Conditions,Dark - Street Light,Bike At Fault,Clear,Broadside,Other Vehicle
679092,1,0,0,0,9/23/2021 18:30,Dry,No Unusual Conditions,Daylight,Violation Driver 1,Clear,Broadside,Other Vehicle
679093,0,1,0,0,9/23/2021 17:05,Dry,No Unusual Conditions,Daylight,Bike At Fault,Clear,Vehicle/Bike,Bike
679094,0,1,0,0,9/23/2021 14:25,Dry,No Unusual Conditions,Daylight,Violation Driver 1,Clear,Head On,Fixed Object
677409,0,0,0,0,5/4/2021 11:50,Unknown,Unknown,Daylight,Unknown,Unknown,Other,Other Vehicle
677410,0,0,0,0,5/4/2021 0:05,Unknown,Unknown,Unknown,Unknown,Unknown,Sideswipe,Parked Vehicle
677411,0,0,0,0,5/4/2021 8:07,Unknown,Unknown,Daylight,Unknown,Unknown,Sideswipe,Other Vehicle
677412,0,0,0,0,5/5/2021 15:34,Dry,No Unusual Conditions,Daylight,Unknown,Clear,Broadside,Other Vehicle
677413,0,0,0,0,5/6/2021 0:50,Dry,No Unusual Conditions,Dark - Street Light,Unknown,Clear,Rear End,Parked Vehicle
677414,0,0,0,0,5/7/2021 23:13,Dry,No Unusual Conditions,Dark - Street Light,Violation Driver 1,Clear,Hit Object,Fixed Object
677416,1,0,0,0,4/24/2021 21:13,Dry,No Unusual Conditions,Dark - Street Light,Violation Driver 1,Clear,Rear End,Other Vehicle
677417,1,0,0,0,4/30/2021 20:31,Dry,No Unusual Conditions,Dark - Street Light,Violation Driver 1,Clear,Rear End,Other Vehicle
677419,0,0,0,0,5/2/2021 18:31,Dry,No Unusual Conditions,Daylight,Violation Driver 1,Clear,Hit Object,Fixed Object
677420,0,0,0,0,5/7/2021 9:15,Dry,No Unusual Conditions,Daylight,Violation Driver 1,Clear,Rear End,Parked Vehicle
677421,0,0,0,0,5/7/2021 18:26,Dry,No Unusual Conditions,Daylight,Violation Driver 1,Clear,Broadside,Other Vehicle
677422,0,0,0,0,5/7/2021 22:04,Dry,No Unusual Conditions,Dark - Street Light,Violation Driver 1,Clear,Sideswipe,Parked Vehicle
677423,0,0,0,0,5/8/2021 1:37,Dry,No Unusual Conditions,Dark - Street Light,Violation Driver 1,Clear,Rear End,Parked Vehicle
677424,0,0,0,0,5/8/2021 8:10,Dry,No Unusual Conditions,Daylight,Violation Driver 1,Clear,Rear End,Other Vehicle
679095,1,2,0,0,9/27/2021 18:01,Dry,No Unusual Conditions,Daylight,Violation Driver 1,Clear,Head On,Parked Vehicle
679096,0,0,1,0,9/27/2021 0:51,Dry,No Unusual Conditions,Dark - Street Light,Violation Driver 1,Clear,Head On,Parked Vehicle
679097,0,0,0,0,9/27/2021 16:56,Dry,No Unusual Conditions,Daylight,Violation Driver 1,Clear,Broadside,Other Vehicle
679098,0,0,0,0,10/4/2021 15:50,Dry,No Unusual Conditions,Daylight,Violation Driver 1,Clear,Rear End,Other Object
679099,1,1,0,0,10/5/2021 17:55,Dry,No Unusual Conditions,Daylight,Violation Driver 1,Clear,Broadside,Motor Vehicle On Other Roadway
679100,1,0,0,0,10/7/2021 21:48,Dry,No Unusual Conditions,Dark - Street Light,Violation Driver 1,Clear,Rear End,Other Vehicle
679101,0,0,0,0,10/7/2021 22:27,Dry,No Unusual Conditions,Dark - Street Light,Violation Driver 1,Cloudy,Hit Object,Fixed Object
679102,0,0,0,0,10/8/2021 0:12,Dry,No Unusual Conditions,Dark - No Street Light,Violation Driver 1,Clear,Sideswipe,Parked Vehicle
679103,0,1,0,0,10/8/2021 21:50,Dry,No Unusual Conditions,Dark - Street Light,Violation Driver 1,Clear,Sideswipe,Parked Vehicle
679104,0,0,0,0,10/8/2021 0:11,Dry,No Unusual Conditions,Dark - Street Light,Violation Driver 2,Clear,Sideswipe,Other Vehicle
679105,0,0,1,0,10/8/2021 1:52,Dry,No Unusual Conditions,Dark - Street Light,Violation Driver 1,Clear,Overturned,Non-Collision
679106,0,0,0,0,10/8/2021 14:52,Dry,No Unusual Conditions,Daylight,Violation Driver 1,Clear,Broadside,Parked Vehicle
679107,0,0,0,0,10/8/2021 16:50,Dry,No Unusual Conditions,Daylight,Violation Driver 1,Clear,Rear End,Other Vehicle
677425,0,0,0,0,5/8/2021 10:54,Dry,No Unusual Conditions,Daylight,Violation Driver 1,Clear,Rear End,Parked Vehicle
677426,0,0,0,0,5/8/2021 16:14,Dry,No Unusual Conditions,Daylight,Violation Driver 1,Clear,Rear End,Parked Vehicle
677427,0,0,0,0,5/8/2021 14:00,Dry,No Unusual Conditions,Daylight,Violation Driver 1,Clear,Sideswipe,Other Vehicle
677428,0,0,1,0,5/8/2021 21:08,Dry,No Unusual Conditions,Dark - Street Light,Violation Driver 1,Clear,Rear End,Motorcycle
677429,0,0,0,0,5/8/2021 21:40,Dry,No Unusual Conditions,Dark - Street Light,Violation Driver 1,Clear,Rear End,Other Vehicle
677430,0,0,0,0,5/8/2021 23:54,Dry,No Unusual Conditions,Dark - Street Light,Violation Driver 1,Clear,Hit Object,Fixed Object
677431,1,0,1,0,5/9/2021 0:15,Dry,No Unusual Conditions,Dark - Street Light,Violation Driver 1,Clear,Broadside,Other Vehicle
677432,0,0,0,0,5/9/2021 10:51,Dry,No Unusual Conditions,Daylight,Violation Driver 1,Clear,Rear End,Other Vehicle
677433,0,0,0,0,5/9/2021 16:27,Dry,No Unusual Conditions,Daylight,Violation Driver 1,Clear,Rear End,Parked Vehicle
677434,1,0,0,0,5/9/2021 17:04,Dry,No Unusual Conditions,Daylight,Violation Driver 1,Clear,Broadside,Motorcycle
677435,0,0,0,0,5/9/2021 20:06,Dry,No Unusual Conditions,Dusk - Dawn,Violation Driver 1,Clear,Hit Object,Fixed Object
677436,0,0,0,0,5/9/2021 21:10,Dry,No Unusual Conditions,Unknown,Violation Driver 1,Clear,Rear End,Other Vehicle
677437,1,0,0,0,5/9/2021 21:10,Dry,No Unusual Conditions,Dark - Street Light,Violation Driver 1,Clear,Head On,Parked Vehicle
679108,0,0,0,0,10/8/2021 18:58,Dry,No Unusual Conditions,Daylight,Violation Driver 1,Clear,Sideswipe,Other Vehicle
679109,1,0,0,0,10/8/2021 16:00,Dry,No Unusual Conditions,Daylight,Violation Driver 1,Clear,Rear End,Other Vehicle
679110,0,0,0,0,10/8/2021 20:04,Dry,No Unusual Conditions,Daylight,Violation Driver 1,Clear,Sideswipe,Other Vehicle
679111,0,0,0,0,10/8/2021 21:59,Dry,No Unusual Conditions,Daylight,Violation Driver 1,Clear,Rear End,Parked Vehicle
679112,0,0,0,0,10/9/2021 0:10,Dry,No Unusual Conditions,Dark - Street Light,Violation Driver 1,Clear,Hit Object,Fixed Object
679113,1,0,0,0,10/9/2021 1:39,Dry,No Unusual Conditions,Dark - Street Light,Violation Driver 1,Clear,Hit Object,Fixed Object
679114,0,0,0,0,10/9/2021 12:15,Dry,No Unusual Conditions,Daylight,Violation Driver 1,Clear,Vehicle/Bike,Bike
679115,0,0,0,0,10/9/2021 13:50,Dry,No Unusual Conditions,Daylight,Unknown,Clear,Sideswipe,Other Vehicle
679116,0,0,0,0,10/9/2021 22:59,Dry,No Unusual Conditions,Dark - Street Light,Violation Driver 1,Clear,Hit Object,Fixed Object
679117,0,0,0,0,10/9/2021 23:45,Dry,No Unusual Conditions,Dark - Street Light,Violation Driver 1,Clear,Hit Object,Fixed Object
679118,1,0,0,0,10/1/2021 8:06,Dry,Obstruction On Roadway,Daylight,Parked/Rolling,Clear,Head On,Parked Vehicle
679119,1,0,0,0,10/1/2021 14:37,Dry,No Unusual Conditions,Daylight,Violation Driver 1,Clear,Broadside,Other Vehicle
679120,0,0,0,0,10/1/2021 7:59,Dry,No Unusual Conditions,Daylight,Violation Driver 1,Clear,Broadside,Other Vehicle
677438,0,0,0,0,5/10/2021 12:20,Dry,No Unusual Conditions,Daylight,Violation Driver 1,Clear,Sideswipe,Other Vehicle
677439,0,0,0,0,5/10/2021 19:16,Dry,No Unusual Conditions,Daylight,Violation Driver 1,Clear,Hit Object,Fixed Object
677440,0,0,0,0,5/11/2021 2:00,Dry,No Unusual Conditions,Dark - Street Light,Violation Driver 1,Clear,Head On,Parked Vehicle
677441,1,0,0,0,5/11/2021 7:35,Dry,No Unusual Conditions,Daylight,Violation Driver 1,Clear,Sideswipe,Parked Vehicle
677442,0,0,0,0,5/11/2021 13:45,Dry,No Unusual Conditions,Daylight,Violation Driver 1,Clear,Hit Object,Fixed Object
677443,0,0,0,0,5/12/2021 16:13,Dry,No Unusual Conditions,Daylight,Violation Driver 1,Clear,Rear End,Other Vehicle
677444,0,0,0,0,5/12/2021 16:25,Dry,No Unusual Conditions,Daylight,Violation Driver 1,Clear,Hit Object,Fixed Object
677445,0,0,0,0,5/13/2021 13:49,Dry,No Unusual Conditions,Daylight,Violation Driver 1,Clear,Broadside,Other Vehicle
677446,1,0,0,0,5/13/2021 23:30,Dry,No Unusual Conditions,Dark - Street Light,Violation Driver 1,Clear,Hit Object,Fixed Object
677447,0,0,1,0,5/15/2021 18:31,Dry,No Unusual Conditions,Daylight,Violation Driver 1,Clear,Sideswipe,Motorcycle
677449,0,0,0,0,4/22/2021 14:29,Dry,No Unusual Conditions,Daylight,Violation Driver 1,Clear,Rear End,Other Vehicle
677450,0,0,0,0,5/1/2021 18:07,Dry,No Unusual Conditions,Daylight,Violation Driver 1,Clear,Rear End,Parked Vehicle
677451,0,0,0,0,5/2/2021 8:53,Dry,No Unusual Conditions,Daylight,Violation Driver 1,Clear,Sideswipe,Parked Vehicle
677452,0,0,0,0,5/2/2021 17:09,Dry,No Unusual Conditions,Daylight,Violation Driver 1,Clear,Hit Object,Fixed Object
677453,0,0,0,0,5/3/2021 7:35,Dry,No Unusual Conditions,Daylight,Violation Driver 1,Clear,Rear End,Parked Vehicle
677454,0,0,0,0,5/3/2021 12:27,Dry,No Unusual Conditions,Daylight,Violation Driver 1,Clear,Hit Object,Fixed Object
677455,0,0,0,0,5/4/2021 18:50,Dry,No Unusual Conditions,Daylight,Violation Driver 1,Clear,Hit Object,Fixed Object
677456,1,0,0,0,5/7/2021 6:42,Dry,No Unusual Conditions,Daylight,Violation Driver 1,Clear,Broadside,Motorcycle
677457,2,2,0,0,5/7/2021 7:20,Dry,No Unusual Conditions,Daylight,Violation Driver 1,Clear,Broadside,Other Vehicle
677458,0,0,0,0,5/7/2021 8:59,Dry,No Unusual Conditions,Daylight,Violation Driver 1,Clear,Hit Object,Fixed Object
677459,1,0,0,0,5/7/2021 12:06,Dry,No Unusual Conditions,Daylight,Violation Driver 1,Clear,Rear End,Other Vehicle
677460,0,0,0,0,5/7/2021 13:22,Dry,No Unusual Conditions,Daylight,Violation Driver 1,Clear,Hit Object,Fixed Object
677461,0,1,0,0,5/7/2021 21:30,Dry,No Unusual Conditions,Dark - Street Light,Violation Driver 1,Clear,Vehicle/Pedestrian,Pedestrian
677462,0,0,0,0,5/7/2021 21:52,Dry,No Unusual Conditions,Dark - Street Light,Violation Driver 1,Clear,Sideswipe,Parked Vehicle
677463,0,0,0,0,5/7/2021 22:41,Dry,No Unusual Conditions,Dark - Street Light,Violation Driver 1,Clear,Hit Object,Fixed Object
677464,0,0,0,0,5/7/2021 23:33,Dry,No Unusual Conditions,Dark - Street Light,Violation Driver 1,Clear,Sideswipe,Other Vehicle
677465,1,0,0,0,5/8/2021 10:49,Dry,No Unusual Conditions,Daylight,Violation Driver 1,Clear,Vehicle/Bike,Bike
677466,1,0,0,0,5/8/2021 15:06,Dry,No Unusual Conditions,Daylight,Unknown,Clear,Broadside,Other Vehicle
677467,0,0,1,0,5/8/2021 16:40,Dry,No Unusual Conditions,Daylight,Violation Driver 1,Clear,Broadside,Motorcycle
677468,1,0,0,0,5/8/2021 18:50,Dry,No Unusual Conditions,Daylight,Violation Driver 1,Clear,Broadside,Other Vehicle
677469,0,0,0,0,5/8/2021 19:12,Dry,No Unusual Conditions,Dusk - Dawn,Violation Driver 1,Clear,Broadside,Parked Vehicle
677470,0,0,0,0,5/8/2021 22:00,Dry,No Unusual Conditions,Dark - Street Light,Violation Driver 1,Clear,Rear End,Other Vehicle
677471,0,1,0,0,5/9/2021 0:34,Dry,No Unusual Conditions,Dark - Street Light,Pedestrian At Fault,Clear,Vehicle/Pedestrian,Pedestrian
677472,0,1,0,0,5/9/2021 14:55,Dry,No Unusual Conditions,Daylight,Bike At Fault,Clear,Vehicle/Bike,Bike
677473,1,0,0,0,5/9/2021 16:08,Dry,No Unusual Conditions,Daylight,Other Than Driver,Clear,Rear End,Other Vehicle
677474,2,2,0,0,5/9/2021 18:28,Dry,No Unusual Conditions,Daylight,Violation Driver 1,Clear,Broadside,Other Vehicle
677475,0,0,0,0,5/10/2021 8:42,Dry,No Unusual Conditions,Daylight,Violation Driver 1,Clear,Broadside,Other Vehicle
677476,0,1,0,0,5/11/2021 9:30,Dry,No Unusual Conditions,Daylight,Violation Driver 1,Clear,Broadside,Other Vehicle
677477,0,0,0,0,5/11/2021 7:27,Dry,No Unusual Conditions,Daylight,Violation Driver 1,Clear,Sideswipe,Parked Vehicle
677478,0,0,0,0,5/11/2021 12:20,Dry,No Unusual Conditions,Daylight,Violation Driver 1,Clear,Sideswipe,Other Vehicle
677479,0,2,1,0,5/11/2021 21:45,Dry,No Unusual Conditions,Dark - Street Light,Violation Driver 1,Clear,Rear End,Other Vehicle
677480,1,1,0,0,5/12/2021 13:12,Dry,No Unusual Conditions,Daylight,Violation Driver 1,Clear,Broadside,Other Vehicle
677481,0,1,0,0,5/12/2021 17:00,Dry,No Unusual Conditions,Daylight,Violation Driver 1,Clear,Hit Object,Fixed Object
677482,0,1,0,0,5/12/2021 18:00,Dry,No Unusual Conditions,Daylight,Violation Driver 1,Clear,Broadside,Other Vehicle
677483,1,0,0,0,5/12/2021 20:23,Dry,No Unusual Conditions,Dusk - Dawn,Violation Driver 1,Clear,Sideswipe,Other Vehicle
677484,0,0,0,0,5/13/2021 9:05,Dry,No Unusual Conditions,Daylight,Violation Driver 1,Clear,Sideswipe,Parked Vehicle
677485,2,0,0,0,5/13/2021 10:10,Dry,No Unusual Conditions,Daylight,Violation Driver 1,Clear,Rear End,Other Vehicle
677486,1,0,0,0,5/13/2021 18:00,Dry,No Unusual Conditions,Daylight,Violation Driver 1,Clear,Vehicle/Pedestrian,Pedestrian
677487,0,1,0,0,5/13/2021 21:36,Dry,No Unusual Conditions,Dark - Street Light,Violation Driver 1,Clear,Broadside,Other Vehicle
677488,1,0,0,0,5/13/2021 15:26,Dry,No Unusual Conditions,Daylight,Violation Driver 1,Clear,Rear End,Other Vehicle
677489,0,1,0,0,5/14/2021 4:23,Dry,No Unusual Conditions,Dark - Street Light,Violation Driver 1,Clear,Sideswipe,Parked Vehicle
677490,1,0,0,0,5/14/2021 10:52,Dry,No Unusual Conditions,Daylight,Violation Driver 1,Clear,Rear End,Other Vehicle
677491,2,0,0,0,5/14/2021 11:30,Dry,No Unusual Conditions,Daylight,Violation Driver 1,Clear,Rear End,Other Vehicle
677492,1,0,0,0,5/14/2021 16:11,Dry,No Unusual Conditions,Daylight,Violation Driver 1,Clear,Rear End,Parked Vehicle
679121,0,2,0,0,10/1/2021 16:58,Dry,No Unusual Conditions,Daylight,Violation Driver 1,Clear,Broadside,Other Vehicle
679122,1,0,0,0,10/1/2021 17:54,Dry,No Unusual Conditions,Daylight,Violation Driver 1,Clear,Vehicle/Bike,Bike
679123,0,0,0,0,10/2/2021 6:40,Dry,No Unusual Conditions,Dusk - Dawn,Violation Driver 1,Clear,Head On,Fixed Object
679124,0,0,1,0,10/1/2021 9:35,Dry,No Unusual Conditions,Daylight,Violation Driver 1,Clear,Broadside,Motorcycle
679125,2,0,0,0,10/1/2021 11:06,Dry,No Unusual Conditions,Daylight,Violation Driver 1,Clear,Broadside,Other Vehicle
679126,1,0,0,0,10/2/2021 2:01,Dry,No Unusual Conditions,Dark - Street Light,Violation Driver 1,Clear,Rear End,Other Vehicle
679127,0,0,0,0,10/2/2021 10:20,Dry,No Unusual Conditions,Daylight,Violation Driver 1,Clear,Sideswipe,Other Vehicle
679128,0,0,0,0,10/2/2021 10:40,Dry,No Unusual Conditions,Dark - Street Light,Violation Driver 1,Clear,Head On,Parked Vehicle
679129,0,0,0,0,10/2/2021 18:24,Dry,Construction - Repair Zone,Daylight,Violation Driver 1,Clear,Hit Object,Other Object
679130,0,0,0,0,10/2/2021 19:15,Dry,No Unusual Conditions,Dark - Street Light,Violation Driver 1,Clear,Rear End,Parked Vehicle
679131,0,0,0,0,10/2/2021 22:09,Dry,No Unusual Conditions,Dark - Street Light,Violation Driver 1,Clear,Hit Object,Other Object
679132,0,0,0,0,10/2/2021 22:30,Dry,No Unusual Conditions,Dark - Street Light,Violation Driver 1,Clear,Rear End,Other Vehicle
679133,0,1,0,0,10/2/2021 22:54,Dry,No Unusual Conditions,Dark - Street Light,Violation Driver 1,Clear,Sideswipe,Parked Vehicle
677493,0,0,0,1,6/2/2021 21:44,Dry,No Unusual Conditions,Dark - No Street Light,Unknown,Clear,Vehicle/Pedestrian,Pedestrian
677494,0,0,0,1,5/28/2021 21:20,Dry,No Unusual Conditions,Dark - Street Light,Unknown,Clear,Vehicle/Pedestrian,Pedestrian
677495,0,0,0,1,5/27/2021 21:25,Dry,No Unusual Conditions,Dark - Street Light,Unknown,Clear,Vehicle/Pedestrian,Pedestrian
677499,0,1,1,0,5/7/2021 20:56,Dry,No Unusual Conditions,Dark - Street Light,Violation Driver 1,Clear,Vehicle/Pedestrian,Pedestrian
677500,1,0,0,0,5/9/2021 11:21,Dry,No Unusual Conditions,Daylight,Violation Driver 1,Clear,Broadside,Other Vehicle
677501,0,0,0,0,5/13/2021 10:04,Dry,No Unusual Conditions,Daylight,Violation Driver 1,Clear,Sideswipe,Parked Vehicle
677502,0,0,0,0,5/15/2021 4:42,Dry,No Unusual Conditions,Dark - Street Light,Violation Driver 1,Clear,Sideswipe,Other Vehicle
677503,0,0,0,0,5/15/2021 18:00,Unknown,No Unusual Conditions,Daylight,Violation Driver 1,Clear,Broadside,Other Vehicle
677504,0,0,0,0,5/15/2021 16:29,Dry,No Unusual Conditions,Daylight,Violation Driver 1,Clear,Hit Object,Fixed Object
677505,0,0,1,0,5/15/2021 1:37,Dry,No Unusual Conditions,Dark - Street Light,Violation Driver 1,Clear,Broadside,Parked Vehicle
677506,1,0,0,0,5/15/2021 18:21,Dry,No Unusual Conditions,Daylight,Violation Driver 1,Clear,Sideswipe,Other Vehicle
677507,1,0,1,0,5/15/2021 17:38,Dry,No Unusual Conditions,Daylight,Unknown,Clear,Broadside,Other Vehicle
677508,0,0,0,0,5/16/2021 23:33,Dry,No Unusual Conditions,Dark - Street Light,Violation Driver 1,Clear,Head On,Parked Vehicle
679134,0,0,0,0,10/2/2021 7:25,Dry,No Unusual Conditions,Daylight,Unknown,Clear,Broadside,Other Vehicle
679135,0,0,0,0,10/2/2021 23:00,Dry,No Unusual Conditions,Dark - Street Light,Violation Driver 1,Clear,Sideswipe,Parked Vehicle
679136,0,0,0,0,10/2/2021 15:41,Dry,No Unusual Conditions,Daylight,Violation Driver 1,Clear,Sideswipe,Parked Vehicle
679137,0,1,0,0,10/2/2021 15:45,Dry,No Unusual Conditions,Daylight,Bike At Fault,Clear,Vehicle/Bike,Bike
679138,1,0,0,0,10/3/2021 8:00,Dry,No Unusual Conditions,Daylight,Violation Driver 1,Clear,Vehicle/Bike,Bike
679139,1,0,0,0,10/3/2021 16:14,Dry,No Unusual Conditions,Daylight,Violation Driver 1,Clear,Broadside,Other Vehicle
679140,0,1,0,0,10/3/2021 20:16,Dry,No Unusual Conditions,Dark - Street Light,Violation Driver 1,Clear,Hit Object,Fixed Object
679141,1,0,0,0,10/3/2021 3:30,Dry,No Unusual Conditions,Dark - Street Light,Violation Driver 1,Clear,Rear End,Other Vehicle
679142,0,0,0,0,10/3/2021 8:05,Dry,No Unusual Conditions,Daylight,Violation Driver 1,Clear,Broadside,Other Vehicle
679143,0,0,1,0,10/3/2021 9:52,Dry,No Unusual Conditions,Daylight,Violation Driver 1,Clear,Vehicle/Pedestrian,Pedestrian
679144,2,0,0,0,10/3/2021 11:25,Dry,No Unusual Conditions,Daylight,Violation Driver 1,Clear,Broadside,Other Vehicle
679145,4,2,1,0,10/3/2021 17:55,Dry,No Unusual Conditions,Daylight,Violation Driver 1,Clear,Head On,Other Vehicle
679146,0,0,0,0,10/3/2021 15:13,Dry,No Unusual Conditions,Daylight,Violation Driver 1,Clear,Head On,Parked Vehicle
679147,0,0,0,0,10/3/2021 14:00,Dry,No Unusual Conditions,Daylight,Violation Driver 1,Clear,Hit Object,Fixed Object
677509,0,0,0,0,5/7/2021 7:06,Dry,No Unusual Conditions,Daylight,Violation Driver 1,Clear,Hit Object,Fixed Object
677510,1,0,0,0,5/17/2021 15:37,Dry,No Unusual Conditions,Daylight,Violation Driver 1,Clear,Hit Object,Fixed Object
677511,0,0,0,0,5/18/2021 9:00,Unknown,Unknown,Unknown,Violation Driver 1,Unknown,Sideswipe,Parked Vehicle
677512,0,0,0,0,5/15/2021 22:00,Dry,Construction - Repair Zone,Dark - Street Light,Violation Driver 1,Clear,Hit Object,Other Object
677513,0,0,0,0,5/17/2021 2:15,Dry,No Unusual Conditions,Dark - Street Light,Violation Driver 1,Clear,Hit Object,Fixed Object
677514,0,0,0,0,5/19/2021 6:00,Dry,No Unusual Conditions,Daylight,Violation Driver 1,Clear,Sideswipe,Parked Vehicle
677515,0,0,0,0,5/19/2021 16:30,Dry,Unknown,Daylight,Violation Driver 1,Clear,Rear End,Other Vehicle
677516,0,0,0,0,5/20/2021 0:42,Dry,No Unusual Conditions,Dark - Street Light,Violation Driver 1,Clear,Sideswipe,Parked Vehicle
677517,0,0,1,0,5/20/2021 7:52,Dry,No Unusual Conditions,Daylight,Violation Driver 1,Clear,Vehicle/Pedestrian,Pedestrian
677518,0,0,0,0,5/20/2021 11:10,Dry,No Unusual Conditions,Daylight,Violation Driver 1,Clear,Head On,Parked Vehicle
677519,0,0,0,0,5/20/2021 13:46,Dry,No Unusual Conditions,Daylight,Violation Driver 1,Clear,Sideswipe,Parked Vehicle
677520,0,0,0,0,5/20/2021 15:10,Dry,No Unusual Conditions,Daylight,Unknown,Clear,Sideswipe,Other Vehicle