CrashFactId,MinorInjuries,ModerateInjuries,SevereInjuries,FatalInjuries,CrashDateTime,RoadwaySurface,RoadwayCondition,Lighting,PrimaryCollisionFactor,Weather,CollisionType,VehicleInvolvedWith
682545,3,0,0,0,5/7/2022 12:33,Dry,No Unusual Conditions,Daylight,Violation Driver 1,Clear,Broadside,Other Vehicle
682546,1,0,0,0,5/7/2022 16:46,Dry,No Unusual Conditions,Daylight,Violation Driver 1,Clear,Broadside,Other Vehicle
682547,0,1,0,0,5/8/2022 4:11,Dry,No Unusual Conditions,Dark - Street Light,Violation Driver 1,Clear,Hit Object,Fixed Object
682548,2,0,0,0,5/8/2022 13:55,Dry,No Unusual Conditions,Daylight,Violation Driver 1,Clear,Broadside,Other Vehicle
682549,1,0,0,0,5/9/2022 8:23,Dry,No Unusual Conditions,Daylight,Violation Driver 1,Clear,Vehicle/Pedestrian,Pedestrian
682550,0,1,0,0,5/9/2022 10:10,Dry,No Unusual Conditions,Daylight,Bike At Fault,Cloudy,Vehicle/Bike,Bike
682551,1,0,0,0,5/9/2022 11:29,Dry,No Unusual Conditions,Daylight,Violation Driver 1,Clear,Rear End,Other Vehicle
682552,0,0,1,0,5/9/2022 20:21,Dry,No Unusual Conditions,Dusk - Dawn,Violation Driver 1,Clear,Rear End,Motorcycle
682553,0,1,0,0,5/10/2022 15:45,Dry,No Unusual Conditions,Daylight,Bike At Fault,Clear,Vehicle/Bike,Scooter Motorized
682554,2,0,0,0,5/11/2022 12:22,Dry,No Unusual Conditions,Daylight,Unknown,Clear,Broadside,Other Vehicle
682555,0,1,0,0,5/11/2022 15:10,Dry,No Unusual Conditions,Daylight,Violation Driver 1,Clear,Broadside,Other Vehicle
682556,0,0,1,0,5/11/2022 15:56,Dry,No Unusual Conditions,Daylight,Violation Driver 1,Clear,Vehicle/Bike,Bike
682557,1,0,0,0,5/14/2022 11:02,Dry,No Unusual Conditions,Daylight,Violation Driver 1,Clear,Sideswipe,Other Vehicle
682558,1,0,0,0,5/16/2022 19:51,Dry,No Unusual Conditions,Daylight,Violation Driver 1,Clear,Vehicle/Bike,Bike
682559,1,0,0,0,5/19/2022 20:58,Dry,No Unusual Conditions,Daylight,Unknown,Clear,Vehicle/Bike,Bike
682560,1,0,0,0,5/22/2022 22:52,Dry,No Unusual Conditions,Dark - Street Light,Violation Driver 1,Clear,Broadside,Other Vehicle
682561,0,0,0,0,5/23/2022 17:28,Dry,No Unusual Conditions,Daylight,Violation Driver 1,Clear,Rear End,Other Vehicle
682562,1,0,1,0,5/26/2022 13:26,Dry,No Unusual Conditions,Daylight,Violation Driver 1,Clear,Rear End,Parked Vehicle
682563,0,0,0,0,5/30/2022 13:34,Dry,No Unusual Conditions,Daylight,Violation Driver 1,Clear,Sideswipe,Parked Vehicle
682564,0,0,0,0,5/30/2022 17:48,Dry,No Unusual Conditions,Daylight,Violation Driver 1,Clear,Broadside,Parked Vehicle
682565,0,0,0,0,5/30/2022 18:52,Dry,No Unusual Conditions,Daylight,Violation Driver 1,Clear,Rear End,Other Vehicle
682566,2,0,0,0,5/31/2022 7:34,Dry,No Unusual Conditions,Daylight,Violation Driver 1,Clear,Broadside,Other Vehicle
682567,6,1,0,0,5/31/2022 8:18,Dry,No Unusual Conditions,Daylight,Unknown,Clear,Head On,Other Vehicle
682568,0,1,0,0,5/31/2022 18:07,Dry,No Unusual Conditions,Daylight,Violation Driver 1,Clear,Hit Object,Fixed Object
682569,1,0,0,0,5/31/2022 19:07,Dry,No Unusual Conditions,Daylight,Violation Driver 1,Clear,Broadside,Other Vehicle
682570,1,0,0,0,5/31/2022 22:16,Dry,No Unusual Conditions,Dark - Street Light,Violation Driver 1,Clear,Broadside,Other Vehicle
682571,0,0,0,0,5/5/2022 17:14,Dry,No Unusual Conditions,Daylight,Violation Driver 1,Clear,Broadside,Other Vehicle
682572,1,0,0,0,5/5/2022 22:12,Dry,No Unusual Conditions,Dark - Street Light,Violation Driver 1,Cloudy,Rear End,Other Vehicle
682573,0,0,1,0,5/6/2022 18:15,Dry,No Unusual Conditions,Daylight,Violation Driver 1,Clear,Hit Object,Fixed Object
682574,0,0,0,0,5/7/2022 11:20,Dry,No Unusual Conditions,Daylight,Unknown,Clear,Hit Object,Fixed Object
682575,0,0,0,0,5/2/2022 8:01,Dry,No Unusual Conditions,Daylight,Violation Driver 1,Cloudy,Broadside,Other Vehicle
682576,0,0,0,0,5/9/2022 16:08,Dry,No Unusual Conditions,Daylight,Violation Driver 1,Clear,Hit Object,Fixed Object
682577,0,0,0,0,5/11/2022 21:25,Dry,No Unusual Conditions,Dark - Street Light,Other Than Driver,Clear,Head On,Animal
682578,1,0,0,0,5/17/2022 20:37,Dry,No Unusual Conditions,Dark - Street Light,Violation Driver 1,Clear,Rear End,Motor Vehicle On Other Roadway
682579,1,0,0,0,5/17/2022 22:34,Dry,No Unusual Conditions,Dark - Street Light,Bike At Fault,Clear,Vehicle/Bike,Bike
682580,2,0,0,0,5/18/2022 7:28,Dry,No Unusual Conditions,Daylight,Violation Driver 1,Clear,Rear End,Other Vehicle
682581,2,0,0,0,5/18/2022 8:00,Dry,No Unusual Conditions,Daylight,Violation Driver 1,Clear,Head On,Other Vehicle
682582,2,0,0,0,5/18/2022 17:21,Dry,No Unusual Conditions,Daylight,Violation Driver 1,Clear,Broadside,Other Vehicle
682583,1,0,0,0,5/18/2022 19:16,Dry,No Unusual Conditions,Daylight,Violation Driver 1,Clear,Sideswipe,Other Vehicle
682584,1,0,0,0,5/18/2022 22:48,Dry,No Unusual Conditions,Dark - Street Light,Violation Driver 1,Clear,Broadside,Other Vehicle
682585,1,1,0,0,5/20/2022 22:08,Dry,No Unusual Conditions,Dark - Street Light,Violation Driver 1,Clear,Head On,Other Vehicle
682586,1,1,0,0,5/25/2022 20:00,Dry,No Unusual Conditions,Dusk - Dawn,Violation Driver 1,Clear,Broadside,Other Vehicle
682587,1,0,0,0,5/27/2022 7:20,Dry,No Unusual Conditions,Daylight,Violation Driver 1,Clear,Broadside,Other Vehicle
682588,0,1,0,0,5/27/2022 21:33,Dry,No Unusual Conditions,Dark - Street Light,Violation Driver 1,Clear,Vehicle/Bike,Bike
682589,0,0,0,0,5/29/2022 17:40,Dry,No Unusual Conditions,Daylight,Violation Driver 1,Clear,Sideswipe,Parked Vehicle
682590,2,0,0,0,5/2/2022 14:32,Dry,No Unusual Conditions,Daylight,Violation Driver 1,Clear,Other,Other Vehicle
682591,0,1,0,0,5/2/2022 17:45,Dry,No Unusual Conditions,Daylight,Violation Driver 1,Clear,Broadside,Other Vehicle
682592,0,0,0,0,5/2/2022 7:15,Unknown,No Unusual Conditions,Daylight,Unknown,Unknown,Rear End,Other Vehicle
682593,0,0,0,0,5/3/2022 9:00,Dry,No Unusual Conditions,Daylight,Violation Driver 1,Clear,Broadside,Other Vehicle
682594,0,0,0,0,5/10/2022 7:30,Dry,No Unusual Conditions,Daylight,Violation Driver 1,Clear,Rear End,Other Vehicle
682595,0,0,0,0,5/7/2022 14:15,Dry,No Unusual Conditions,Daylight,Unknown,Clear,Broadside,Parked Vehicle
682596,0,0,0,0,5/8/2022 6:20,Dry,No Unusual Conditions,Dusk - Dawn,Violation Driver 1,Clear,Head On,Parked Vehicle
682597,2,0,0,0,5/8/2022 16:46,Dry,No Unusual Conditions,Daylight,Violation Driver 1,Clear,Rear End,Other Vehicle
682598,0,0,0,0,5/8/2022 21:02,Dry,No Unusual Conditions,Dark - Street Light,Violation Driver 1,Clear,Rear End,Parked Vehicle
682599,1,0,0,0,5/9/2022 11:06,Unknown,No Unusual Conditions,Dark - Street Light,Violation Driver 1,Clear,Head On,Parked Vehicle
682600,0,0,0,0,5/1/2022 12:30,Unknown,Unknown,Daylight,Unknown,Unknown,Sideswipe,Parked Vehicle
682601,0,0,0,0,5/1/2022 8:35,Unknown,Unknown,Daylight,Unknown,Unknown,Sideswipe,Parked Vehicle
682602,0,0,0,0,5/1/2022 16:30,Unknown,Unknown,Daylight,Unknown,Unknown,Sideswipe,Parked Vehicle
682603,0,0,0,0,5/1/2022 0:08,Dry,No Unusual Conditions,Dark - Street Light,Violation Driver 1,Clear,Head On,Fixed Object
682604,1,0,0,0,5/1/2022 10:48,Dry,No Unusual Conditions,Daylight,Violation Driver 1,Clear,Rear End,Other Vehicle
682605,1,0,0,0,5/3/2022 13:36,Dry,No Unusual Conditions,Daylight,Violation Driver 1,Clear,Rear End,Other Vehicle
682606,0,0,0,0,5/3/2022 14:50,Dry,No Unusual Conditions,Daylight,Violation Driver 1,Clear,Rear End,Other Vehicle
682607,1,0,0,0,5/3/2022 15:54,Dry,No Unusual Conditions,Daylight,Violation Driver 1,Clear,Rear End,Other Vehicle
682608,1,0,0,0,5/3/2022 16:40,Dry,No Unusual Conditions,Daylight,Violation Driver 1,Clear,Broadside,Other Vehicle
682609,0,0,0,0,5/3/2022 17:45,Unknown,Unknown,Daylight,Unknown,Unknown,Sideswipe,Other Vehicle
682610,0,0,0,0,5/4/2022 22:00,Dry,No Unusual Conditions,Dark - Street Light,Unknown,Clear,Rear End,Parked Vehicle
682611,0,0,0,0,5/4/2022 4:47,Dry,No Unusual Conditions,Dark - Street Light,Unknown,Clear,Rear End,Parked Vehicle
682612,0,0,0,0,5/5/2022 17:17,Dry,No Unusual Conditions,Daylight,Violation Driver 1,Clear,Sideswipe,Parked Vehicle
682613,0,0,0,0,5/5/2022 6:00,Unknown,Unknown,Daylight,Unknown,Unknown,Broadside,Parked Vehicle
682614,0,0,0,0,5/5/2022 22:40,Unknown,Unknown,Unknown,Unknown,Unknown,Broadside,Scooter Motorized
682615,0,0,0,0,5/5/2022 16:54,Unknown,Unknown,Daylight,Unknown,Unknown,Rear End,Other Vehicle
682616,0,0,0,0,5/5/2022 8:00,Unknown,Unknown,Daylight,Unknown,Unknown,Broadside,Parked Vehicle
682617,0,0,0,0,5/5/2022 10:00,Unknown,Unknown,Daylight,Unknown,Unknown,Broadside,Parked Vehicle
682618,0,0,0,0,5/5/2022 15:05,Unknown,Unknown,Daylight,Unknown,Unknown,Sideswipe,Parked Vehicle
682619,1,0,0,0,5/6/2022 17:14,Dry,No Unusual Conditions,Daylight,Violation Driver 1,Clear,Broadside,Other Vehicle
682620,1,0,0,1,5/9/2022 21:06,Dry,No Unusual Conditions,Dark - Street Light,Violation Driver 1,Clear,Rear End,Other Vehicle
682621,0,0,0,0,5/6/2022 8:55,Unknown,Unknown,Unknown,Unknown,Unknown,Rear End,Other Vehicle
682622,0,0,0,0,5/10/2022 1:29,Dry,No Unusual Conditions,Dark - Street Light,Violation Driver 1,Clear,Sideswipe,Parked Vehicle
682623,0,0,0,0,5/6/2022 19:50,Unknown,Unknown,Unknown,Unknown,Unknown,Rear End,Other Vehicle
682624,0,0,0,0,5/10/2022 11:26,Dry,No Unusual Conditions,Daylight,Violation Driver 1,Clear,Broadside,Other Vehicle
682625,0,0,0,0,6/1/2022 4:50,Dry,No Unusual Conditions,Dusk - Dawn,Violation Driver 1,Clear,Rear End,Other Vehicle
682626,0,0,0,0,6/1/2022 9:41,Dry,No Unusual Conditions,Daylight,Violation Driver 1,Clear,Rear End,Parked Vehicle
682627,1,1,0,0,6/1/2022 10:00,Dry,No Unusual Conditions,Daylight,Violation Driver 1,Clear,Broadside,Other Vehicle
682628,0,1,0,0,6/1/2022 11:13,Dry,No Unusual Conditions,Daylight,Violation Driver 1,Clear,Broadside,Other Vehicle
682629,0,0,0,0,6/1/2022 11:31,Dry,No Unusual Conditions,Daylight,Violation Driver 1,Clear,Broadside,Other Vehicle
682630,1,0,0,0,6/1/2022 17:16,Dry,No Unusual Conditions,Daylight,Violation Driver 1,Clear,Rear End,Other Vehicle
682631,0,0,0,0,6/1/2022 14:49,Dry,No Unusual Conditions,Daylight,Violation Driver 1,Clear,Broadside,Other Vehicle
682632,0,0,0,0,6/1/2022 7:56,Dry,No Unusual Conditions,Daylight,Unknown,Clear,Sideswipe,Other Vehicle
682633,1,0,0,0,6/1/2022 22:25,Dry,No Unusual Conditions,Dark - Street Light,Unknown,Clear,Broadside,Other Vehicle
682634,2,0,0,0,6/1/2022 16:46,Dry,No Unusual Conditions,Daylight,Violation Driver 1,Clear,Rear End,Other Vehicle
682635,0,0,0,0,6/2/2022 4:27,Dry,No Unusual Conditions,Dark - Street Light,Violation Driver 1,Clear,Sideswipe,Parked Vehicle
682636,2,0,0,0,6/2/2022 10:14,Dry,No Unusual Conditions,Daylight,Violation Driver 1,Clear,Broadside,Parked Vehicle
682637,0,0,0,0,6/2/2022 10:15,Dry,No Unusual Conditions,Daylight,Violation Driver 1,Clear,Sideswipe,Other Vehicle
682638,0,0,0,0,6/3/2022 15:59,Dry,No Unusual Conditions,Daylight,Violation Driver 1,Clear,Rear End,Other Vehicle
682639,1,0,0,0,6/2/2022 12:53,Dry,No Unusual Conditions,Daylight,Violation Driver 1,Clear,Vehicle/Pedestrian,Scooter Motorized
682640,2,0,0,0,6/2/2022 17:22,Dry,No Unusual Conditions,Daylight,Violation Driver 1,Clear,Broadside,Other Vehicle
682641,0,0,0,0,6/2/2022 18:21,Dry,No Unusual Conditions,Daylight,Violation Driver 1,Clear,Broadside,Other Vehicle
682642,1,0,0,0,6/2/2022 19:44,Dry,No Unusual Conditions,Daylight,Violation Driver 1,Clear,Broadside,Bike
682643,0,0,0,0,5/10/2022 12:45,Dry,No Unusual Conditions,Daylight,Unknown,Clear,Rear End,Other Vehicle
682644,0,0,0,0,5/10/2022 21:10,Dry,No Unusual Conditions,Dark - Street Light,Unknown,Clear,Other,Other Vehicle
682645,1,0,0,0,5/11/2022 19:16,Dry,No Unusual Conditions,Daylight,Violation Driver 1,Clear,Broadside,Other Vehicle
682646,0,1,0,0,5/12/2022 15:46,Dry,No Unusual Conditions,Daylight,Bike At Fault,Clear,Vehicle/Bike,Bike
682647,0,0,0,0,5/12/2022 17:50,Unknown,Unknown,Unknown,Violation Driver 1,Unknown,Head On,Other Vehicle
682648,0,0,0,0,5/13/2022 0:06,Dry,No Unusual Conditions,Dark - Street Light,Violation Driver 1,Clear,Hit Object,Fixed Object
682649,0,0,0,0,5/14/2022 8:40,Dry,No Unusual Conditions,Daylight,Violation Driver 1,Clear,Hit Object,Fixed Object
682650,0,0,0,0,4/28/2022 12:00,Dry,No Unusual Conditions,Daylight,Violation Driver 1,Clear,Sideswipe,Parked Vehicle
682651,0,0,0,0,5/25/2022 7:45,Dry,No Unusual Conditions,Daylight,Unknown,Clear,Sideswipe,Other Vehicle
682652,0,0,0,0,5/27/2022 7:30,Unknown,Unknown,Daylight,Unknown,Unknown,Sideswipe,Unknown
682653,0,0,0,0,5/16/2022 6:11,Dry,No Unusual Conditions,Daylight,Violation Driver 1,Clear,Hit Object,Fixed Object
682654,1,0,0,0,5/16/2022 11:20,Dry,No Unusual Conditions,Daylight,Violation Driver 1,Clear,Vehicle/Pedestrian,Pedestrian
682655,1,0,0,0,5/16/2022 15:40,Dry,No Unusual Conditions,Daylight,Violation Driver 1,Clear,Rear End,Other Vehicle
682656,1,0,0,0,5/16/2022 19:21,Dry,No Unusual Conditions,Daylight,Violation Driver 1,Clear,Vehicle/Bike,Bike
682657,0,0,0,0,5/16/2022 22:05,Dry,No Unusual Conditions,Dark - Street Light,Violation Driver 1,Clear,Broadside,Other Vehicle
682658,0,0,0,0,5/17/2022 11:45,Dry,No Unusual Conditions,Daylight,Unknown,Clear,Broadside,Other Vehicle
682659,0,0,0,0,5/8/2022 2:21,Dry,No Unusual Conditions,Dark - Street Light,Violation Driver 1,Clear,Hit Object,Fixed Object
682660,1,0,0,0,5/8/2022 10:34,Dry,No Unusual Conditions,Daylight,Violation Driver 1,Clear,Sideswipe,Other Vehicle
682661,1,0,0,0,5/8/2022 12:30,Dry,No Unusual Conditions,Daylight,Violation Driver 1,Clear,Rear End,Other Vehicle
682662,0,0,0,0,5/8/2022 10:12,Unknown,Unknown,Daylight,Unknown,Unknown,Rear End,Other Vehicle
682663,0,0,0,0,5/8/2022 14:05,Unknown,Unknown,Daylight,Unknown,Unknown,Rear End,Other Vehicle
682664,0,0,0,0,5/8/2022 12:55,Unknown,Unknown,Unknown,Unknown,Unknown,Rear End,Parked Vehicle
682665,0,0,0,0,5/7/2022 16:15,Unknown,Unknown,Daylight,Unknown,Unknown,Broadside,Other Vehicle
682666,0,0,0,0,5/7/2022 15:55,Unknown,Unknown,Daylight,Unknown,Unknown,Broadside,Parked Vehicle
682667,0,0,0,0,5/7/2022 13:03,Unknown,Unknown,Daylight,Unknown,Unknown,Other,Parked Vehicle
682668,0,0,0,0,5/7/2022 23:52,Unknown,Unknown,Unknown,Unknown,Unknown,Rear End,Parked Vehicle
682669,0,0,0,0,5/7/2022 7:15,Unknown,Unknown,Daylight,Unknown,Unknown,Broadside,Other Vehicle
682670,0,0,0,0,5/9/2022 17:30,Dry,No Unusual Conditions,Daylight,Violation Driver 1,Clear,Rear End,Other Vehicle
682671,2,0,0,0,5/27/2022 0:30,Dry,No Unusual Conditions,Dark - Street Light,Violation Driver 1,Clear,Broadside,Other Vehicle
682672,1,1,0,0,5/27/2022 13:14,Dry,No Unusual Conditions,Daylight,Violation Driver 1,Clear,Broadside,Other Vehicle
682673,0,1,0,0,5/26/2022 16:36,Dry,No Unusual Conditions,Daylight,Violation Driver 1,Clear,Broadside,Other Vehicle
682674,1,0,0,0,5/26/2022 21:37,Dry,No Unusual Conditions,Dark - Street Light,Violation Driver 1,Clear,Rear End,Parked Vehicle
682675,0,0,0,0,5/26/2022 20:10,Unknown,Unknown,Unknown,Unknown,Unknown,Rear End,Other Vehicle
682676,0,0,0,0,5/26/2022 22:00,Unknown,Unknown,Unknown,Unknown,Unknown,Other,Other Vehicle
682677,0,0,0,0,5/26/2022 8:50,Unknown,Unknown,Daylight,Unknown,Unknown,Rear End,Other Vehicle
682678,0,0,0,0,5/26/2022 7:00,Unknown,Unknown,Daylight,Unknown,Unknown,Sideswipe,Other Vehicle
682679,0,0,0,0,5/24/2022 0:22,Dry,No Unusual Conditions,Dark - Street Light,Violation Driver 1,Clear,Broadside,Other Vehicle
682680,0,0,0,0,5/24/2022 1:03,Dry,Other,Dark - Street Light,Violation Driver 1,Clear,Rear End,Other Vehicle
682681,0,0,1,0,5/24/2022 17:16,Dry,No Unusual Conditions,Daylight,Violation Driver 1,Clear,Vehicle/Pedestrian,Pedestrian
682682,0,0,0,0,5/24/2022 18:54,Dry,No Unusual Conditions,Daylight,Violation Driver 1,Clear,Rear End,Other Vehicle
682683,1,0,0,0,5/24/2022 20:04,Dry,No Unusual Conditions,Daylight,Violation Driver 1,Clear,Rear End,Parked Vehicle
682684,1,1,0,0,5/25/2022 15:36,Dry,No Unusual Conditions,Daylight,Violation Driver 1,Clear,Head On,Other Vehicle
682685,0,1,0,0,5/31/2022 16:51,Dry,No Unusual Conditions,Daylight,Violation Driver 1,Clear,Broadside,Other Vehicle
682686,0,0,0,0,5/13/2022 18:30,Dry,No Unusual Conditions,Daylight,Unknown,Clear,Vehicle/Pedestrian,Pedestrian
682687,0,0,0,0,5/30/2022 18:18,Dry,No Unusual Conditions,Daylight,Violation Driver 1,Clear,Broadside,Other Vehicle
682688,0,0,0,0,5/19/2022 19:30,Dry,No Unusual Conditions,Daylight,Violation Driver 1,Clear,Sideswipe,Other Vehicle
682689,0,0,0,0,5/7/2022 23:57,Dry,No Unusual Conditions,Dark - Street Light,Violation Driver 1,Clear,Broadside,Other Vehicle
682690,1,0,0,0,5/26/2022 17:09,Dry,No Unusual Conditions,Daylight,Violation Driver 1,Clear,Broadside,Other Vehicle
682691,2,0,0,0,5/29/2022 10:30,Dry,No Unusual Conditions,Daylight,Violation Driver 1,Clear,Rear End,Other Vehicle
682692,0,0,0,0,5/30/2022 10:36,Unknown,Unknown,Daylight,Unknown,Unknown,Rear End,Other Vehicle
682693,0,0,0,0,5/31/2022 1:59,Dry,No Unusual Conditions,Dark - Street Light,Violation Driver 1,Clear,Hit Object,Fixed Object
682694,0,0,0,0,5/31/2022 14:35,Unknown,Unknown,Daylight,Unknown,Unknown,Sideswipe,Other Vehicle
682695,0,0,0,0,5/31/2022 11:00,Dry,No Unusual Conditions,Daylight,Unknown,Clear,Rear End,Other Vehicle
682696,0,0,0,0,5/29/2022 2:10,Dry,No Unusual Conditions,Dark - Street Light,Violation Driver 1,Clear,Rear End,Parked Vehicle
682697,0,0,0,0,5/29/2022 18:56,Dry,No Unusual Conditions,Daylight,Violation Driver 1,Clear,Rear End,Parked Vehicle
682698,0,0,0,0,5/29/2022 0:00,Unknown,Unknown,Unknown,Unknown,Unknown,Sideswipe,Parked Vehicle
682699,0,0,0,0,5/29/2022 10:00,Dry,No Unusual Conditions,Daylight,Unknown,Clear,Sideswipe,Parked Vehicle
682700,0,0,0,0,5/30/2022 0:06,Dry,No Unusual Conditions,Dark - Street Light,Violation Driver 1,Clear,Rear End,Motor Vehicle On Other Roadway
682701,0,0,0,0,5/30/2022 18:23,Dry,Unknown,Daylight,Violation Driver 1,Clear,Rear End,Other Vehicle
682702,0,1,0,0,5/30/2022 17:47,Dry,No Unusual Conditions,Daylight,Violation Driver 1,Clear,Hit Object,Fixed Object
682703,0,0,0,0,5/30/2022 12:31,Unknown,Unknown,Daylight,Unknown,Unknown,Rear End,Other Vehicle
682704,0,0,0,0,5/28/2022 21:30,Unknown,Unknown,Unknown,Unknown,Unknown,Broadside,Other Vehicle
682705,0,0,0,0,5/28/2022 13:23,Unknown,Unknown,Daylight,Unknown,Unknown,Sideswipe,Other Vehicle
682706,0,0,0,0,5/28/2022 12:19,Unknown,Unknown,Daylight,Unknown,Unknown,Rear End,Other Vehicle
682707,0,0,0,0,5/28/2022 18:53,Dry,No Unusual Conditions,Daylight,Unknown,Clear,Sideswipe,Other Vehicle
682708,0,0,0,0,5/16/2022 12:36,Dry,No Unusual Conditions,Daylight,Violation Driver 1,Clear,Sideswipe,Other Vehicle
682709,0,0,1,0,5/30/2022 19:52,Dry,No Unusual Conditions,Daylight,Violation Driver 1,Clear,Vehicle/Bike,Bike
682710,6,0,0,0,5/26/2022 19:28,Dry,Unknown,Dusk - Dawn,Violation Driver 1,Unknown,Broadside,Other Vehicle
682711,1,0,0,0,5/31/2022 10:39,Dry,No Unusual Conditions,Daylight,Violation Driver 1,Clear,Sideswipe,Other Vehicle
682712,0,0,1,0,5/29/2022 1:48,Dry,No Unusual Conditions,Dark - Street Light,Violation Driver 1,Clear,Sideswipe,Other Vehicle
682713,0,0,1,0,5/29/2022 8:47,Dry,No Unusual Conditions,Daylight,Violation Driver 1,Clear,Vehicle/Pedestrian,Pedestrian
682714,0,1,0,0,5/27/2022 9:00,Dry,No Unusual Conditions,Daylight,Violation Driver 1,Cloudy,Vehicle/Pedestrian,Pedestrian
682715,1,0,0,0,5/27/2022 14:48,Dry,No Unusual Conditions,Daylight,Violation Driver 1,Clear,Broadside,Other Vehicle
682716,2,0,0,0,5/25/2022 15:39,Dry,No Unusual Conditions,Daylight,Violation Driver 1,Clear,Rear End,Other Vehicle
682717,1,0,0,0,5/23/2022 17:42,Dry,No Unusual Conditions,Daylight,Violation Driver 1,Clear,Hit Object,Fixed Object
682718,0,0,0,0,5/23/2022 10:21,Dry,No Unusual Conditions,Daylight,Violation Driver 1,Clear,Sideswipe,Other Vehicle
682719,0,0,0,0,5/23/2022 12:55,Dry,No Unusual Conditions,Daylight,Violation Driver 1,Clear,Hit Object,Fixed Object
682720,1,0,0,0,6/2/2022 19:48,Dry,No Unusual Conditions,Daylight,Violation Driver 1,Clear,Broadside,Other Vehicle
682721,0,0,0,0,6/2/2022 20:50,Dry,No Unusual Conditions,Dark - Street Light,Violation Driver 1,Clear,Sideswipe,Other Vehicle
682722,0,1,0,0,6/3/2022 1:33,Dry,No Unusual Conditions,Dark - Street Light,Violation Driver 1,Clear,Head On,Fixed Object
682723,2,0,0,0,6/3/2022 1:40,Dry,No Unusual Conditions,Dark - Street Light,Violation Driver 1,Clear,Head On,Other Vehicle
682724,0,1,0,0,6/3/2022 6:43,Dry,No Unusual Conditions,Dusk - Dawn,Violation Driver 1,Clear,Vehicle/Pedestrian,Pedestrian
682725,0,0,0,0,5/9/2022 17:50,Dry,No Unusual Conditions,Daylight,Violation Driver 1,Clear,Broadside,Other Vehicle
682726,0,0,0,0,5/9/2022 7:10,Unknown,Unknown,Daylight,Unknown,Unknown,Other,Other Vehicle
682727,1,0,0,0,6/3/2022 8:07,Dry,No Unusual Conditions,Daylight,Violation Driver 1,Clear,Head On,Other Vehicle
682728,0,0,0,0,5/9/2022 8:09,Unknown,Unknown,Daylight,Unknown,Unknown,Broadside,Other Vehicle
682729,0,0,0,0,5/9/2022 8:24,Unknown,Unknown,Unknown,Unknown,Unknown,Other,Other Vehicle
682730,1,0,0,0,6/3/2022 14:34,Dry,No Unusual Conditions,Daylight,Violation Driver 1,Clear,Broadside,Other Vehicle
682731,1,0,0,0,6/3/2022 13:00,Dry,No Unusual Conditions,Daylight,Violation Driver 1,Clear,Broadside,Other Vehicle
682732,1,0,0,0,6/3/2022 14:20,Dry,No Unusual Conditions,Daylight,Violation Driver 1,Clear,Other,Other Vehicle
682733,0,1,0,0,6/4/2022 15:10,Dry,No Unusual Conditions,Daylight,Violation Driver 1,Clear,Vehicle/Pedestrian,Pedestrian
682734,2,0,0,0,6/3/2022 16:53,Dry,Obstruction On Roadway,Daylight,Violation Driver 1,Clear,Head On,Other Vehicle
682735,1,1,0,0,4/8/2022 20:50,Dry,No Unusual Conditions,Dark - Street Light,Violation Driver 1,Clear,Other,Other Vehicle
682736,1,0,0,0,6/3/2022 19:15,Dry,No Unusual Conditions,Daylight,Violation Driver 1,Clear,Sideswipe,Other Vehicle
682737,0,1,0,0,6/3/2022 19:22,Dry,No Unusual Conditions,Daylight,Violation Driver 1,Clear,Sideswipe,Motorcycle
682738,0,0,0,0,6/3/2022 23:48,Dry,No Unusual Conditions,Dark - No Street Light,Violation Driver 1,Clear,Rear End,Other Vehicle
682739,0,0,0,0,5/10/2022 3:36,Unknown,Unknown,Unknown,Unknown,Unknown,Broadside,Other Vehicle
682740,0,0,0,0,5/10/2022 19:30,Unknown,Unknown,Unknown,Unknown,Unknown,Rear End,Other Vehicle
682741,0,0,0,0,6/5/2022 0:05,Dry,No Unusual Conditions,Dark - Street Light,Violation Driver 1,Clear,Head On,Fixed Object
682742,0,0,0,0,5/10/2022 19:45,Unknown,Unknown,Unknown,Unknown,Unknown,Other,Other Vehicle
682743,0,0,2,0,6/5/2022 0:55,Dry,No Unusual Conditions,Dusk - Dawn,Violation Driver 1,Clear,Head On,Fixed Object
682744,0,0,0,0,6/5/2022 2:35,Dry,No Unusual Conditions,Dark - Street Light,Violation Driver 1,Clear,Head On,Other Vehicle
682745,0,0,0,0,5/13/2022 6:00,Dry,No Unusual Conditions,Daylight,Violation Driver 1,Clear,Hit Object,Fixed Object
682746,0,0,0,0,6/5/2022 1:00,Dry,No Unusual Conditions,Dark - Street Light,Violation Driver 1,Clear,Rear End,Parked Vehicle
682747,1,0,0,0,6/5/2022 14:56,Dry,No Unusual Conditions,Daylight,Violation Driver 1,Clear,Sideswipe,Bike
682748,0,0,0,0,5/13/2022 15:25,Dry,No Unusual Conditions,Daylight,Violation Driver 1,Clear,Rear End,Other Vehicle
682749,0,0,0,0,6/5/2022 18:27,Dry,No Unusual Conditions,Daylight,Violation Driver 1,Clear,Rear End,Other Vehicle
682750,1,0,0,0,6/5/2022 19:01,Dry,No Unusual Conditions,Daylight,Violation Driver 1,Clear,Head On,Other Vehicle
682751,0,0,0,0,5/14/2022 23:09,Dry,No Unusual Conditions,Dark - Street Light,Violation Driver 1,Clear,Hit Object,Fixed Object